Feature_Name,Weight
RSRC1,0.0
RNGTT,0.0
LIMS1,0.0
MAPK1,0.0
KIZ,0.0
SACS,0.0
RNF180,0.0
TRA2A,0.0
MRPS30-DT,0.0
RAB3IP,0.0
LARP1,0.0
NSD3,0.0
PHTF2,0.0
PELI2,0.0
ANAPC10,0.0
TOM1L2,1.2399448635071002
SERGEF,0.0
MPHOSPH8,0.0
LRRC3B,0.0
TANC1,0.0
CSNK1A1,0.0
LINC02822,0.0
RAPH1,0.0
RPAP2,0.0
NFIC,0.6691422680109834
PCM1,0.0
GSE1,2.0255733670791947
SHPRH,0.0
RAB6A,0.0
MOG,0.0
PTN,0.0
NPTX1,0.0
MICU2,0.0
ZNF827,0.0
RAB11FIP3,0.5432771090178015
UBE2K,0.0
USP33,0.0
ARHGAP12,0.0
CXCL14,0.0
PDGFD,0.0
USP24,0.0
SYT11,-1.2776446564716575
DMXL1,0.0
LINC01138,0.0
SAT1,0.0
PPP1R21,0.0
PLPPR4,0.0
LINC00320,0.0
RABEP1,0.0
ERCC6L2,0.0
CREG2,0.0
ATP13A4,0.0
SH3BGRL,0.0
TECPR2,0.5823624682128299
FAF1,0.0
NUTM2A-AS1,0.0
AATK,0.0
PPP4R4,0.0
NAP1L1,0.0
MIB1,0.0
HNRNPDL,0.0
VPS53,0.0
RANBP9,0.0
PRRC2C,0.0
NRF1,0.0
SRRM2,0.0
SLC4A7,0.0
CNOT2,0.0
MARCH6,0.0
AJAP1,2.3316118711333966
MARK3,0.0
HNRNPA2B1,0.0
HP1BP3,0.0
SMURF1,0.0
ATXN2,0.0
CYFIP2,0.0
AL445623.2,0.0
DOP1A,0.0
ESYT2,0.0
NUBPL,0.0
UBE2H,0.0
AC110614.1,0.0
SMAP2,0.0
SLC23A2,0.0
CYFIP1,0.0
CCDC92,0.0
MED27,0.0
ATF7IP,0.0
LINC01170,0.0
PPP6R2,0.0
SPHKAP,0.0
ABL1,-8.747801311119051
AF165147.1,0.0
AHCYL1,0.0
TMEM178A,0.0
PPHLN1,0.0
RPL37A,0.0
CTNND1,0.0
ATL1,0.0
USP15,0.0
GRB10,0.0
TRIP12,0.0
KMT2E,0.0
RALGPS2,0.0
BIRC6,0.0
ANO10,0.0
HSPH1,3.204276611693742
CCSER2,0.0
VRK2,0.0
STAT4,0.0
LUC7L3,0.0
TRIM44,0.0
RNF115,0.0
MTMR7,0.0
GLG1,0.0
RAB28,0.0
GNB1,0.1583177423771325
RSRP1,0.0
PRKAR1B,0.0
UBE2D3,0.0
SNTB2,0.4471255453033739
SETD5,0.0
PEG3,0.0
PDE4DIP,0.0
HTRA1,0.0
UNC13A,0.0
SLC24A4,0.0
ST7,0.0
CYTH1,0.0
OLA1,0.0
LMTK2,0.0
GABRA4,0.0
AGO3,0.0
STRN3,0.0
AC006504.5,0.0
ARIH1,0.0
CFAP161,0.0
PIK3CA,0.0
ARHGEF28,-7.884130347940749
CASTOR3,2.138555637702666
MON2,0.0
PDGFC,0.0
CDC42SE2,0.0
KDM2A,-21.209893432735225
ITSN2,0.0
ZRANB3,0.0
SPIN1,0.0
SARAF,0.0
LMBRD1,0.0
CEP350,0.0
MTHFD2L,0.0
PSPC1,0.0
AP3B1,0.0
TAOK1,0.0
SNX9,0.0
RAB3GAP1,0.0
PDS5A,0.0
SHROOM3,0.0
CEP170,0.0
TERF2IP,-0.19167009082404707
TRAF3,0.320990697044657
SECISBP2L,0.0
TMEM135,0.0
CAPZB,0.0
JPH4,0.0
GPI,0.0
TDRD3,0.0
CPLANE1,0.0
ZNF438,0.0
PPA2,0.0
CORO2B,0.4090210328165428
SRSF11,0.0
PPP2R5C,0.0
RAB10,0.8669008208791056
TRPC4,0.0
SPATS2,0.0
SENP6,0.0
MCPH1,0.0
SMAD3,0.09531371931011738
TMSB4X,0.0
ITCH,0.0
CNP,0.0
TULP4,0.0
PIBF1,0.0
ATRX,0.0
OGA,0.0
TNRC18,0.0
PAG1,0.0
ZNF148,0.0
GATAD2B,0.0
DMXL2,0.0
EHMT1,0.0
PKN2,0.0
PPP6R3,0.0
ARID4B,0.0
KLHL4,0.0
ZNF518A,0.0
PPP1R13B,-7.727004896845753
CERCAM,0.0
NDFIP1,0.0
FAM222B,-21.48683556502589
AUH,0.0
MICU3,0.0
PTPRA,0.0
TRPC5,0.0
DNMT3A,-17.368120869217933
BRWD1,0.0
MOSMO,0.0
KCNN3,0.0
CDK13,0.0
CACHD1,0.0
XPO1,0.2649233042664182
UBR3,0.0
KIDINS220,0.0
BIN1,0.0
RBM6,0.0
WAC,0.0
MIR4300HG,0.0
SPPL3,0.0
AFF2,0.0
CAPS2,15.605339910600227
FAM13B,0.0
CD47,0.0
NCK2,0.0
LARP1B,0.0
ARID2,0.0
MERTK,0.0
CDK17,0.0
KMT2A,0.0
BTRC,0.0
UBE2R2,2.170413401065831
SEMA3A,0.0
FBXL2,0.0
CLIP4,0.0
GPR155,0.0
EEPD1,0.0
VPS8,0.0
TMEM163,0.0
ZNF91,0.0
RUFY3,0.0
ADD1,0.0
STAMBPL1,0.0
ZNF652,0.0
SESTD1,0.0
AC008591.1,0.0
VPS41,0.0
EVA1C,0.0
MTERF1,0.0
REPS1,0.0
RABGAP1,0.0
BCL11B,0.0
ARID1B,0.0
ACSL3,0.0
POGZ,0.0
CBFA2T2,0.0
PSME4,0.058392460828684226
MTRNR2L12,0.0
ZNF721,0.0
SPAG9,0.0
CERS4,-7.214099855404183
ROR1,0.0
USP47,0.0
AC110296.1,0.0
CALM3,0.0
ACBD6,0.0
DICER1,0.0
MLLT10,0.0
EFR3B,0.0
SRCIN1,0.38629858775824066
RAD9A,0.32400298383126847
KIAA1109,0.0
ZNF532,0.0
NKTR,0.0
RAP1A,0.0
ATP10B,0.0
ATE1,0.0
EML5,0.0
ULK4,0.0
SEC14L5,0.0
NT5C2,0.0
UBAC2,0.0
NEXMIF,0.0
PCNX1,0.0
DGKD,0.0
UBE4B,0.0
TENT2,0.0
CHD6,0.0
ZMYM2,0.0
GTF2IRD1,2.9485728099923487
SREBF2,0.9248509129525891
ARHGAP35,2.026108651809653
RALGAPA1,0.0
PTEN,0.0
WDR70,0.0
ATXN10,0.0
WNK1,0.0
NPTN,0.0
ALOX12-AS1,0.0
ZNF644,0.0
ATP11A,0.0
RBM26,0.0
UBR5,0.0
CDKL1,0.18930300186053883
AMER2,0.0
TTC17,0.0
RNF24,0.0
FAM49A,0.0
ZNF248,0.0
CAMSAP2,0.0
KHDRBS2-OT,12.853244300276828
CNR1,-0.9026050492594466
IQGAP1,0.0
CHPT1,0.0
NEK1,0.0
SPATA13,1.9496767748653667
ZFYVE9,0.0
PIEZO2,0.0
LIPA,2.072690361451277
AC079352.1,0.0
AC079447.1,0.0
GNG2,0.0
SKAP2,0.0
JMJD1C,0.0
PPP3R1,0.0
DENND5A,0.0
PPM1B,0.0
CLSTN1,0.0
TTC7B,0.0
MITF,0.0
COL21A1,0.0
RHBDL3,0.0
LINC00276,0.0
ATP9A,0.0
GRAMD1B,0.0
SLCO1A2,0.0
ZNF638,0.0
GSN,0.0
AC012494.1,0.0
TAB2,0.0
NRG2,0.0
MEGF9,0.0
NETO2,0.0
LINC00894,0.0
LHFPL2,0.0
KIF1B,0.0
VPS13C,0.0
NDFIP2,0.0
USP32,0.0
TNPO1,0.0
STX8,0.0
ATG4C,0.0
RFFL,0.0
NRIP1,0.0
GSK3B,0.0
WNK2,0.0
TPD52,0.0
CHCHD3,0.0
AKAP9,0.0
LINC01197,0.0
GALNT2,0.0
DYRK1A,0.0
GOLGA4,0.0
LINC01331,0.0
TBC1D4,-0.27124740209724535
METTL15,0.0
SEMA4D,1.6852815782930923
RPRD2,0.0
CLASP1,0.0
LINC00513,0.0
RFX7,0.0
COMMD1,0.0
AKT3,0.0
SLC38A11,0.0
MGAT4A,0.0
HMBOX1,0.0
KIAA0930,0.0
HECTD4,0.0
ABCA2,0.0
TRPC1,0.0
CLDN11,0.0
FBXO11,-4.089984296401194
BICRAL,0.0
KCNN2,0.0
RGS7BP,0.0
TTBK2,0.0
PDE5A,0.0
KDM4C,0.0
ANKRD11,-2.9637331952949353
CCDC18-AS1,0.0
EPB41L4B,0.0
TUT4,0.0
RBMS1,0.0
FTO,0.0
CTIF,3.090416435565754
CCDC30,0.0
ATM,0.0
BAALC,0.0
BRAF,0.0
RFX4,0.0
AC118549.1,0.0
AC008574.1,0.0
CELF1,0.0
DYM,0.0
MIR29B2CHG,0.0
PHKB,0.6869756299531545
YWHAZ,0.0
SYNPO2,0.0
RHOBTB3,0.0
MAP4K3,0.0
ZNF462,0.0
WDFY3,0.0
ZNF280D,0.0
RB1,0.0
KIF21A,0.0
LUC7L2,0.0
RICTOR,0.0
CXXC4-AS1,-0.4753450794739987
CEP85L,0.0
NUMB,0.9355291085371235
CLIP1,0.4258642631952538
AL033504.1,0.0
ANKRD33B,0.0
ADD2,0.0
MBD5,0.0
VPS13B,0.0
COL11A1,0.0
NIPBL,0.0
NT5DC1,0.0
C11orf49,0.0
PKD2,0.0
SLC16A7,0.0
LMO7,0.41052558433512787
TMEM241,0.0
RAB11A,0.0
KLHL2,0.0
CASK,0.0
FBXL20,0.8730131147680028
PSEN1,0.0
HHIP,0.0
CASC4,0.0
PNISR,0.0
ZNF292,0.0
HTR2C,0.0
U91319.1,0.0
ATP2C1,0.0
UGT8,0.0
RIPOR2,0.0
ACER3,0.0
BMPR1A,0.0
ADAMTSL3,0.0
ANKRD17,0.0
LDLRAD3,0.0
FNBP1L,0.0
FBN1,0.0
ZDHHC21,0.0
TBC1D32,0.0
LCOR,0.0
SLC25A13,0.0
AC013652.1,3.772604815111863
SLC8A3,0.0
SH3PXD2A,0.0
TRAK1,0.0
FAM171B,0.0
FAM135A,0.0
SILC1,0.0
AC007364.1,1.240959862117104
GRAMD2B,0.0
GLUL,0.0
BPTF,0.07564735391726957
LONRF2,0.0
DNAH7,0.0
CCDC7,0.0
RUNX2,0.0
PLEKHA6,0.0
PSAP,0.0
LRRC28,0.0
ASCC3,0.0
DPF3,0.0
INSR,2.581413001175472
LRCH1,0.0
KANSL1,0.0
LINC00499,0.0
LRIG1,0.0
ST3GAL3,0.0
CHKA,0.0
GAPDH,-0.6555962424100836
KIFAP3,0.0
SPTAN1,0.0
GPHN,0.0
UVRAG,0.0
ARHGEF7,0.0
SLC12A2,0.0
SHROOM4,0.0
NUAK1,0.0
AC007389.1,0.0
NF1,0.0
SRPK2,0.0
DKK3,0.0
TUSC3,0.0
RPS6KA3,0.0
SMAP1,0.0
SPTBN1,0.0
CPEB2,0.0
C20orf194,0.0
SLC4A8,0.0
FAM168A,0.0
RXFP1,0.0
BMPR1B,0.0
MXI1,0.0
SPIRE1,0.0
ITM2B,0.0
MAP3K13,-4.476134191059999
TNRC6C,0.0
ACAP2,0.0
ZFAND3,1.3510610942504964
RASSF8,0.0
ABI1,0.0
RDX,0.0
UBE3D,0.0
CDK8,0.0
OSBPL9,0.0
CLDND1,0.0
MAP4,0.0
ENAH,0.0
STS,0.0
RASA2,0.0
KIF13B,0.0
ZNF483,0.0
ELP4,0.0
PPP2R2A,0.0
COBLL1,0.0
MPP6,0.0
LRRC8D,0.0
AC079781.5,0.0
ADAM10,0.45233565041175267
C11orf80,0.0
PREPL,0.0
ITPKB,2.0161033769775325
NCKAP1,0.0
CCND3,1.508123977814983
MRTFA,-2.3512274771664745
ARHGEF3,0.0
STMN2,0.0
DLGAP4,-14.013371397752659
MAP2K4,0.0
AC046134.2,0.0
BNIP3L,0.6052299961070922
ABI2,0.0
TTLL11,0.0
TPK1,-0.5416830436843377
PVT1,-11.473263057840368
ARHGAP22,0.0
VAMP2,0.0
SEM1,0.0
RABGEF1,2.0433671107165443
OSBPL10,0.0
CHD9,0.0
PLPP1,0.0
CTBP2,0.001129545938493467
GALNT7,0.0
FNDC3B,1.0215473754363913
CLASP2,0.0
KMT2C,0.0
RUNX1,0.0
INPP4A,0.0
ANKRD36C,0.0
LINC01811,0.0
KIF16B,0.0
SIPA1L3,-11.196565603784798
TSBP1-AS1,0.0
ATP9B,0.0
WDR7,0.0
PTMA,0.0
DYNC2H1,0.0
CKB,0.0
SOS1,0.0
MTA3,0.0
AFDN,0.0
TNKS,0.0
PAN3,0.0
ANKRD36,0.0
NECTIN3,0.0
STX18-AS1,-0.46872728948467535
CDC42BPA,0.0
CCPG1,0.0
PCGF5,0.0
CLIP2,3.4505550237508316
ARGLU1,0.0
PIAS1,0.0
PRH1,0.0
CLVS2,0.0
ZFYVE16,0.0
KIAA1324L,0.0
MAP2K5,0.0
COLGALT2,10.699167257989389
VCAN,0.0
FNIP2,0.0
HS2ST1,0.0
CLEC16A,0.0
ZFHX4,0.0
PLD1,0.0
UBE2E3,0.0
AC009899.1,0.0
LRRFIP2,0.0
LINC01505,0.0
FNIP1,0.0
PTPRS,2.385172002771917
DOCK7,0.0
ANKRD26,0.0
COG5,0.0
TBCK,0.0
ADIPOR2,0.0
RALGPS1,0.0
MYO9A,0.0
MGLL,0.0
UBE3A,0.0
PHF14,0.0
RNLS,0.0
DPY19L1,0.0
PRNP,0.0
FAM172A,0.0
COL26A1,-2.4503519117526045
LYST,0.0
KCNK1,-28.269803609536837
PCBP1-AS1,0.0
EPB41,0.0
VPS13D,0.0
CEMIP,0.0
RYBP,-8.294507561864725
OBI1-AS1,0.0
RNF13,0.0
ABCA5,0.0
ARHGEF4,0.0
TACC1,0.0
COP1,0.0
LINC01184,0.0
SLC20A2,0.0
RALGAPA2,0.0
AC069228.1,0.0
TTC3,0.0
AMMECR1,0.0
CDKAL1,0.0
TMCC1,0.0
ZSWIM5,0.0
CCDC171,0.0
ICA1,0.0
SSBP3,0.3370046786628271
LINC00923,0.0
HERC4,0.0
PALLD,0.0
TSHZ3,0.0
CNNM2,0.0
EFCAB2,0.0
NR2F2-AS1,0.0
GPATCH8,0.0
DST,0.0
STK3,0.0
ABHD2,0.0
EVL,0.0
MCC,0.0
DENND4A,0.14313592290906396
BCKDHB,0.0
JAK2,0.0
PLEKHA1,0.0
VGLL4,0.2437545328033058
INVS,0.0
AC009041.2,0.0
ZNF365,0.0
HDAC4,0.6376198713697193
CHD7,0.0
SESN3,10.656406252517744
WDFY2,0.0
DDX17,0.0
C2CD5,0.0
JARID2,0.0
SCFD2,0.0
PPP1R12B,0.0
KAT6B,0.0
ITSN1,0.0
SCAPER,0.0
MYCBP2,0.0
AC027288.3,0.0
POU2F1,0.0
APBA2,0.0
DPH6,-0.8453349193842318
SCLT1,0.0
ZDHHC20,0.0
SERINC5,0.0
ATXN7L1,0.0
WWP1,0.0
CEP126,0.0
SIDT1,0.0
CYP1B1-AS1,0.0
ADRA1A,0.0
JPX,0.0
PEBP1,0.0
TBC1D22A,0.0
EXOC4,0.0
R3HDM2,0.0
SND1,0.0
FOXO1,0.0
DENND1A,0.0
AC073332.1,0.0
ENSA,0.0
MARK1,0.0
PLCB4,0.0
ACACA,0.0
TAPT1-AS1,0.0
MED13L,0.0
ANKRD12,0.0
SORCS2,0.0
HDAC8,0.0
CDR2,0.0
SUSD4,0.0
AF117829.1,0.0
PCCA,0.0
SLC16A1-AS1,0.1017857516207592
ARL17B,0.0
AAK1,0.0
MIR124-2HG,0.0
EEF1A1,0.0
EVI5,0.0
TRAPPC9,0.0
KIF9-AS1,0.0
DIPK1A,0.0
MAPRE2,0.0
ST8SIA5,0.0
ACTB,0.0
SH3KBP1,0.0
CPEB4,1.044103175629947
KIAA0319,0.0
CAP2,0.0
ITFG1,0.0
KANSL1L,0.0
NBAS,0.0
PGBD5,0.0
FRRS1L,0.0
COL4A5,0.0
FAM107B,0.0
MTHFD1L,0.0
SGO1-AS1,4.094606519264338
SLC22A23,0.13904505299466885
CAMK2G,1.3016089845753347
ZNF407,0.0
FNDC3A,0.0
CDK6,0.0
SPATA6,0.0
TBL1XR1,0.0
LINC00486,0.0
CAMK2B,0.0
SPRED1,0.0
BMPR2,0.558317426126347
AL139260.1,0.0
SBF2,0.0
TBC1D5,0.0
CRPPA,0.0
ANKS1A,0.0
GABRA1,1.308531275554745
JAM3,0.0
MYO5A,0.0
VWA8,0.0
TCF7L2,0.0
MAPT,1.4700311186418398
ACTN1,3.150556358083415
CDH11,0.0
SIK2,0.0
LAMP2,0.0
FOXO3,0.0
RAP1GDS1,0.0
STAU2,0.0
CPEB3,0.0
MAPK8,0.0
ELAVL4,0.0
SESN1,0.0
SEMA6A,0.0
LRBA,0.0
CRIM1,0.0
HLCS,0.0
REPS2,0.0
CHD2,0.0
FBXO34,0.0
ANKIB1,0.0
ATP1A2,0.0
RFTN1,0.0
TAOK3,0.0
SDCCAG8,0.0
NHSL1,0.0
CABLES1,0.0
CENPP,0.0
MEGF10,0.0
TMEM14B,0.0
GNAI1,0.0
AC093523.1,0.0
DPH6-DT,0.0
APBA1,0.0
TLK1,0.0
MICU1,0.0
ME3,0.0
ICA1L,0.0
TRMT9B,0.0
PPP1R12A,0.0
SCHLAP1,0.0
PTPN4,0.0
LANCL1,0.30468473794974804
UGGT2,0.0
ARHGAP5,0.0
LINC00342,0.0
MAN1C1,0.0
MYO6,0.0
AC008269.1,0.0
HERC1,0.0
AC016831.7,0.0
RBPJ,0.0
LINC00599,0.0
SNX29,0.0
RGL1,0.0
CMIP,1.0368501877947633
RFTN2,0.0
BACH1,0.0
EPHB1,0.0
ANKRD34C-AS1,0.0
RSPO2,0.0
CLVS1,0.0
ANKRD28,0.0
ARMC9,0.0
CACNG2,-5.223476765309432
LRRC8B,0.0
PKN2-AS1,0.0
DPYSL2,0.0
AC092422.1,0.0
PHF21A,0.0
ANK2,-0.5195621699129064
FAM13C,0.0
ZMYND8,0.0
FAM171A1,0.0
ADCY1,0.0
CCNY,0.0
DAAM1,0.0
GLDN,0.0
DNAJC1,0.35062715930349997
MYH10,0.0
WLS,0.0
MVB12B,0.0
EXOC6B,0.0
TESPA1,0.0
TARBP1,-0.7532884595258833
MIPOL1,0.0
ZNF609,-3.1496210846223778
DENND5B,0.0
PACS1,0.5981938302686088
AGPAT4,0.0
LNX1,0.0
KLHL5,0.0
FAM110B,0.0
NCOA7,0.0
TBC1D1,1.4076917373254343
DIP2C,0.0
P2RX7,0.0
ARHGEF12,0.0
ATP6V1H,0.0
SGIP1,0.0
NPAS2,0.0
RERG,0.0
THSD7B,0.0
RUNDC3B,0.0
AC011346.1,0.0
DDX5,0.0
COMMD10,0.0
DUBR,0.0
ZFYVE28,0.0
OLFM1,0.0
STK39,0.0
WDR17,0.0
TRERF1,0.0
HS3ST2,-20.857619917259232
UCHL1,0.0
NFIX,0.0
NFAT5,0.0
LCORL,0.0
DLEU1,0.0
ANO5,0.0
FXYD6,0.0
NR6A1,-0.06598290093304175
SCMH1,0.0
STAG1,0.9997358847277119
EPS15,0.0
PDS5B,0.0
SGSM1,1.1339722798202396
CELF5,3.976191721666483
QDPR,0.0
NCOA1,0.0
EXOC6,0.0
SEMA5A,0.0
PI4KA,0.0
AC098829.1,0.0
MAN1A2,0.0
PCSK5,0.0
JAKMIP2,0.0
KDM6A,0.0
SLC39A10,0.0
EHBP1,0.0
ITGB8,0.0
PRKACB,0.0
ELF2,0.0
CCDC88A,0.0
PATJ,0.0
DAAM2,0.0
RASA1,0.0
RMST,0.0
TUBA1B,0.0
BMERB1,4.1327639319523035
RAB27B,0.0
ABLIM2,0.0
TTC39C,0.0
FAR2,0.0
NEK10,0.0
PTBP2,0.0
ROCK2,0.0
ITGA9,0.0
VTI1A,0.0
DDAH1,0.0
HIBCH,0.0
TPD52L1,0.0
KIF5C,0.0
GPR137C,0.0
LINC02389,0.0
TNRC6A,0.0
UMAD1,0.0
POLR2F,2.279966554469595
ENTPD1-AS1,0.0
HOMER1,0.0
IPCEF1,0.0
ANKH,0.0
SNAP25-AS1,0.0
KIAA1328,0.0
ASXL3,0.0
GNG7,0.441295422521224
LINC01278,0.0
PHACTR2,0.0
ASB3,0.0
SLC35F4,0.0
GNAQ,0.0
TIAM2,0.0
MNAT1,0.0
AKAP13,0.0
APC,0.0
SAMD5,0.0
MT-ND5,0.0
RTN3,0.0
BMP2K,0.0
MPDZ,0.0
AC021613.1,0.0
ANK1,0.0
ELAVL3,0.0
TAFA5,0.0
ARID5B,1.5774865566608147
ZHX3,0.0
MAP4K3-DT,0.0
LRRFIP1,0.0
AGTPBP1,0.0
CAMTA1,2.1812380694938382
PHIP,0.0
C1orf21,0.0
PRKAR2B,0.0
ATG7,0.0
MACF1,0.0
ZNRF3,0.0
RBFOX2,0.0
ZCCHC7,0.0
NALCN,0.0
PAK1,0.0
KIAA1958,0.0
BBX,0.0
ST8SIA1,0.0
LINC01821,0.0
BABAM2,0.0
GRIN3A,0.0
GAP43,0.0
MSC-AS1,0.0
AC106793.1,0.0
LIN7A,0.0
ADAMTS19,0.0
KCNIP4-IT1,0.0
OSBP2,-22.197190080036062
RABGAP1L,-0.6645874753287057
CRB1,-1.3651485883800034
NYAP2,0.0
WASF1,0.0
USP25,0.0
MBOAT2,0.0
RAPGEF6,0.0
DCAF6,0.0
NSMCE2,0.0
MOB3B,0.0
TSPAN7,0.0
SHC3,0.0
HSP90AB1,0.0
IQSEC1,0.18229840937590866
SEPTIN11,0.0
MCF2L2,0.0
JAK1,0.0
CDKL5,0.0
BICC1,0.0
PCSK6,1.0545246142695535
ADCY9,1.1750303849851589
SFXN5,0.0
STRBP,0.0
CPQ,0.0
AOPEP,0.0
MALAT1,0.0
MAP4K5,0.0
SPP1,0.8943201301177616
DTNB,0.0
NR3C1,0.0
PLCL2,0.0
IDS,0.0
HIF3A,0.0
GRIK3,0.0
AFF1,0.0
TPST1,0.0
ZNF608,0.0
SPECC1,0.0
LPAR1,0.0
LMO4,0.0
OSBPL1A,0.0
ATP2B4,0.0
PCDH11Y,0.0
TRIO,0.0
LINC02263,0.0
GPRC5B,0.5505782552871191
SLC25A12,0.0
DNAH6,0.0
IGSF21,0.0
AIG1,0.0
MIR2052HG,0.0
IGF1R,0.0
OSBPL8,0.0
ATXN1,0.0
AC124852.1,0.0
SCAI,0.0
AC087564.1,0.0
WSB1,0.0
SOBP,0.0
BCAS1,0.0
ASAP1,0.0
GNAO1,3.1182489309292065
GLCCI1,0.0
ARHGAP44,0.0
UBASH3B,0.35404057954397755
SRGAP2,0.0
RETREG1,0.0
RPS6KA5,0.0
CTTNBP2,0.0
GRIK4,0.0
SRGAP3,0.0
RPH3A,0.0
STOX2,0.0
KCNMB4,0.0
VPS13A,0.0
PPP1R16B,0.0
RNF130,0.0
UPP2,0.0
MKLN1,0.0
TFDP2,0.0
FER,0.0
DNM1,0.0
BCAS3,0.0
FAM49B,0.0
PLXNA2,1.2351477708059615
SLC5A4-AS1,0.0
AL356295.1,0.0
GMDS,0.0
GMDS-DT,0.0
MPPED2,0.0
PANTR1,0.0
NAV1,0.0
LINC01608,0.0
PIP5K1B,0.0
ACYP2,0.0
SGK3,0.0
CDC14B,1.123496225767885
NFASC,1.7775049327880912
ADK,0.0
SRGAP1,2.795858766818975
SYNJ2,0.0
DOCK3,0.0
FTL,-0.6856882619395805
TEAD1,0.0
TSC22D1,0.0
BBS9,0.0
LINC00511,-12.075253406393347
LIFR,0.0
MICAL3,-30.43530453113754
PPP1R9A,0.0
LINC00461,-1.0200355261481846
GFOD1,-3.3362093254944036
KLHL29,1.955261711102055
CCK,0.0
LPGAT1,0.0
OTUD7A,0.0
FGFR2,0.0
UTRN,0.0
CDHR3,0.0
WDPCP,0.0
RAP1GAP2,1.4689899505168513
SMARCA2,0.0
PREX1,0.0
MGAT5,0.0
ARHGAP21,0.0
TRAF3IP2-AS1,0.0
SGMS1,0.0
ADAMTSL1,0.0
PTK2,0.0
DISC1,0.0
ASPH,0.0
HIVEP2,0.0
NCAM1,0.0
CTDSPL,0.0
NIPAL2,0.0
NCOA2,0.0
PCNX2,0.0
SYBU,0.0
ABR,-6.0658003515101
LAMA2,0.0
PPM1H,0.0
SUMF1,0.0
CCDC144A,-12.419096067817474
ARFGEF3,0.0
BICD1,-10.097461757089887
LRRK1,0.0
CPNE8,0.0
CMSS1,0.0
NOS1AP,0.0
ADAM22,0.0
FARS2,0.0
CCDC91,-0.11191135262094273
APP,0.0
PEAK1,0.0
HMGB1,0.0
NOL4,0.0
EPHA7,-0.13118387771042667
HDAC2-AS2,0.0
CAMKMT,0.0
SYT14,0.0
AC091078.1,0.0
RELN,0.0
BCL11A,0.0
MIR100HG,0.0
GAS7,0.0
RNF144A,0.0
GRIN1,0.0
OSBPL3,0.0
AP001347.1,0.0
SCN3A,0.0
RANBP17,0.0
ST6GAL1,0.0
NWD2,0.0
SNED1,0.0
GABRG2,0.0
MAPK4,0.0
SRRM3,-11.803030839016095
AKAP6,0.0
CALM2,0.0
KAT2B,0.0
FGD4,0.0
OSBPL6,0.0
TMEM161B-AS1,0.0
STXBP5,0.0
GABRA2,0.0
GAD2,0.0
LINC00609,0.0
TTN-AS1,0.0
POT1-AS1,0.0
PIK3R1,0.0
SPIDR,0.0
USP54,0.0
KCNQ1OT1,0.0
LINC00299,0.0
PARP8,0.0
RNF150,0.0
GHR,0.0
EPN2,0.0
PAK5,0.0
AC024901.1,0.0
HPSE2,16.557981793619827
AUTS2,0.0
CDH4,0.0
SSH2,0.0
FYN,0.0
CEP112,0.0
KIAA0825,0.0
PHYHIPL,1.6191094988827466
AL445250.1,0.0
NIN,0.0
MICAL2,0.0
SERPINI1,-0.9947071961887382
RTN4,0.0
RPS6KC1,0.0
LINC02232,0.0
ADD3,0.0
ENC1,0.0
GLS,0.0
PTK2B,0.0
AC132803.1,0.0
CSRNP3,0.0
RIMBP2,0.0
IGSF11,0.0
TRMT11,0.0
AJ009632.2,0.0
ELL2,1.230361188946103
DCLK2,0.0
FNBP1,0.0
DLX6-AS1,0.0
SPATS2L,0.0
NEO1,0.0
ASTN1,-2.9424076611828496
DGCR9,0.0
PARD3B,10.434930804555298
TCF4,8.367979224969051
CAMK2N1,0.0
ZHX2,-16.56865874824357
ADCY8,0.0
ANKRD44,0.0
GAD1,0.0
GREB1L,0.0
MIR646HG,0.0
KCNB1,0.0
FBXL17,-1.529814783694798
LRFN2,0.0
KCNJ6,1.6460735063377434
PLPPR1,-0.07912293338253512
SORL1,0.0
STXBP1,0.11210781878762835
GTDC1,0.0
PLEKHH1,0.0
ELAVL2,0.0
MBNL1,0.0
PRICKLE2,0.0
NHS,0.0
ZBTB16,1.0595798200702398
AHI1,0.0
GNAS,0.0
BAZ2B,0.0
EPHA3,0.0
SLC4A4,0.0
DOCK9,0.0
AC098588.3,0.0
JAZF1,0.0
PREX2,0.0
SSBP2,0.0
ADAMTS17,0.0
ETV6,0.0
NLGN4X,0.0
DANT2,0.0
REV3L,0.0
SLIT1,0.0
TJP1,0.0
ATP1B1,0.0
DLG2,0.0
ZNF704,0.0
PPFIBP1,0.0
PLCH1,0.0
SCN8A,0.0
PICALM,0.0
ANO3,0.0
PLCXD3,0.0
FAM189A1,0.0
AC233296.1,-1.7433336548221547
FARP1,0.0
PTPN13,0.0
HULC,0.0
PPP2R2C,0.0
GDAP1,0.0
ERC1,0.0
GARNL3,0.0
GRID1,0.0
ENPP2,0.0
CACNG3,0.0
SPTBN4,-32.29907365997564
SUPT3H,0.0
AHCYL2,0.0
TRIM9,0.0
TRIM2,0.0
FHOD3,0.0
BRINP2,0.0
DIRC3,0.0
SORT1,0.0
GULP1,0.0
OPHN1,0.0
PTPRJ,0.0
HTR1E,0.0
RAD51B,0.0
FAM153CP,0.0
TMEM117,0.0
HECW2,0.0
ZFHX3,0.0
CDH2,0.0
PCDH9-AS2,0.0
MEF2A,0.0
GAREM1,0.0
PRKN,5.322885053804155
PKP4,0.0
LINC01473,0.0
SH3D19,0.0
SYT16,0.0
CUX1,-8.961361943435131
SNAP91,0.0
SYNDIG1,0.07714577097499563
NRGN,0.0
HIPK2,0.0
SNCA,-0.8630408786460831
DNAJC6,0.0
CPE,0.0
TLN2,0.0
TLE4,-1.3960951451157133
RARB,0.0
PHACTR3,0.0
BASP1,0.19048742735514443
PDE3B,0.0
GRK3,0.0
AC110023.1,0.0
CERS6,0.0
ATP8A1,0.0
UNC80,-1.2956349771359674
AC067956.1,0.0
MAGI1,-2.761999308958933
CRADD,0.0
HSP90AA1,0.0
HIP1,2.2429609858264365
FBXW7,0.0
UTY,0.0
SHANK2,2.771435568208452
AC068587.4,0.0
RIN2,0.0
MTUS1,13.62002549202893
LMO3,-0.7113873689030932
PXK,2.1438652994347125
PRICKLE1,0.0
NMNAT2,0.00478082187631146
EPB41L3,0.0
FUT8,0.0
BACH2,0.0
AC093607.1,0.0
CSMD2,1.252936364377843
TENM1,0.0
AEBP2,0.0
PTPRE,0.576703623422033
SLAIN1,0.0
VWC2L,0.0
CIT,0.0
CCDC3,0.0
GNAL,0.0
CLU,0.0
MIR181A1HG,0.0
KANK1,0.0
MAP4K4,0.0
RIT2,0.0
AC034268.2,0.0
ATP2B2,0.0
HS3ST5,0.0
BRINP1,0.0
UBE2E2,0.0
FIGN,0.0
ARHGAP32,0.0
TSPAN5,0.0
SCN1A-AS1,0.0
FAM13A,0.0
TTC28,0.0
ZDHHC14,0.36055950408883086
AC120193.1,0.0
SHISA6,0.0
MLLT3,0.0
TMTC1,0.0
SAMD4A,0.0
SEPTIN7,0.0
MAN1A1,0.24904670108714252
PPM1L,0.0
PACRG,0.0
KCNH8,0.0
MAGI2,0.0
SCN2A,0.0
PKNOX2,0.0
TF,0.0
CLMN,0.0
ARNT2,0.0
AC008571.2,0.0
FAM135B,0.0
GAB2,0.0
LINC01414,22.222834090349192
RTN1,0.0
EGFR,0.0
MAGI3,0.0
CAMK4,0.0
SYNE1,0.0
KCNMB2-AS1,0.0
DAPK1,0.0
MOBP,0.0
UNC79,0.0
FRY,0.0
RAPGEF2,0.0
SPAG16,0.0
RUNX1T1,0.0
MYO1D,2.786775672688629
AC002460.2,0.0
DLEU2,0.0
CDK19,0.2554044686994191
HIVEP3,0.0
VWC2,0.0
FOCAD,0.0
NOVA1,0.0
DOCK1,0.0
PRKCE,0.2660355607222506
APBB2,0.0
CALM1,0.0
SAMD12,0.0
AMPH,0.0
ZEB1,0.0
AC011246.1,0.0
ADAM23,0.0
UBA6-AS1,0.0
GPR158,0.07743698448629381
NAV2,0.0
FUT9,0.0
HSPA12A,0.0
CREB5,0.8436469040896845
NR2F1-AS1,0.0
DIP2B,0.16600273806502058
PRKAG2,3.316353807343288
KCNH5,0.0
SIK3,0.0
MBNL2,0.5649166311185827
STARD13,0.0
LIMCH1,0.0
PPM1E,2.261943252478718
LINC00882,0.0
AGAP1,0.06255514342958421
BCL2,0.0
RFX3,0.0
ALK,0.0
FOXP1,0.0
CACNA1D,0.0
NR3C2,0.0
MTSS1,0.0
TANC2,0.0
CABP1,0.0
MED12L,0.0
PRR16,0.0
AL391840.1,0.0
SCD5,0.0
BTBD9,1.6196523511937575
FMNL2,0.0
PTPRR,0.0
SLCO3A1,0.0
LINC01725,0.0
CTNND2,0.0
STXBP6,0.0
NEDD4L,0.0
MAP1B,0.0
PAK3,1.2892456378704347
FRYL,0.0
FRAS1,0.0
PSD3,0.0
SRRM4,0.0
DNM3,0.0
PRKD1,0.0
SASH1,0.0
GUCY1A2,0.0
DYNC1I1,19.870219931836264
MEF2C-AS1,0.0
SIPA1L1,0.0
MAML3,0.0
EPHA5,0.0
BASP1-AS1,0.0
PBX1,0.0
EPHA4,0.0
SATB1-AS1,0.0
DLG1,0.0
MAST4,0.0
BMPER,0.0
AC025159.1,0.0
TMEM165,0.0
LMCD1-AS1,0.0
GRIA2,0.0
XKR6,3.876084975898766
SH3RF3,1.2014781820787772
RASAL2,0.0
FCHSD2,0.0
ADGRB3,0.0
VSNL1,0.0
NLK,0.0
AC073365.1,0.0
COBL,0.0
RAB3C,0.0
KLHL32,0.0
FOXN3,0.0
CDK14,0.0
ANKRD30BL,0.0
KLF12,0.0
MIAT,0.0
CADM2,0.0
RAPGEF4,0.0
CAMK2D,0.0
LARGE1,0.0
FMN2,0.0
KIF26B,0.0
AL157944.1,0.0
DOK6,0.0
IMMP2L,0.0
MAPK10,0.0
KIAA1549L,0.0
MAP7,0.0
SLC2A13,0.0
XYLT1,-14.719482380400207
EML6,0.0
KIF13A,0.0
NBEA,15.415101341467334
KSR2,0.0
CHL1,0.0
TTLL7,0.0
ZSWIM6,0.0
KCTD1,0.0
LINC00632,0.0
AL513166.1,-0.3739001787379409
PID1,0.0
BTBD11,0.0
GALNT18,0.0
NDST3,0.0
SMYD3,0.0
DIAPH2,0.0
KIAA1211,0.0
DNER,0.0
ITPR1,0.0
LINC02306,0.0
CADM1,0.0
KCND3,-13.620303560158286
USP9Y,0.0
SLC7A14-AS1,0.0
NTNG1,0.0
C10orf90,0.0
CAMK2A,0.0
NAALADL2,0.0
C8orf34,0.0
ARHGAP24,0.0
GRM8,0.0
PDE7B,-0.2715107679329706
SLC39A11,0.0
NTRK2,0.0
SFMBT2,0.0
EXT1,0.0
PDE8A,0.0
ARL15,0.0
CACNA1E,0.0
SCN1A,0.0
SETBP1,0.0
RCAN2,0.0
SH3GL3,0.0
TMEM232,0.0
ATP2B1,0.0
TMEM132C,0.0
SLC24A3,0.7115452770046129
TNIK,0.0
EPB41L2,0.0
NETO1,0.0
CARMIL1,0.0
PPFIA2,0.0
PAM,0.0
FGF13,0.0
MRTFB,0.0
GPM6B,0.0
CELF4,2.178752362863131
SEZ6L,2.4358060289984027
CCNH,0.0
AC007563.2,0.0
AC019211.1,0.0
TIAM1,0.0
ST6GALNAC3,0.0
LDLRAD4,0.0
PTGDS,0.0
MIR99AHG,0.0
MAP3K5,0.0
HS3ST4,0.6978017385309253
KCNJ3,0.0
ANK3,0.0
AC006148.1,7.010854245187326
STXBP5-AS1,0.0
AQP4-AS1,0.0
AL591501.1,0.0
LPP,0.0
CACNB4,0.0
PTCHD1-AS,0.0
PPP3CA,0.0
FKBP5,0.0
PPP2R2B,0.0
MSI2,0.2704432596363745
TRPS1,0.0
NRCAM,0.0
SLC6A1,2.2517792551839455
RIMS1,-0.5159518230794784
GABRB1,0.0
NLGN4Y,0.0
GABBR2,0.0
KCNT2,0.0
AC007368.1,0.0
PRELID2,0.0
MAP2,0.0
NEBL,0.0
FTH1,0.0
PTPRZ1,0.0
LINC01250,0.0
KIAA1211L,2.605250252907638
SGK1,0.0
PTCHD4,0.0
PLEKHA5,0.0
NCALD,-1.697472003514387
DGKI,0.0
SORBS1,0.0
ESRRG,0.0
GRIA3,0.0
PALM2-AKAP2,0.0
SLIT3,0.0
ANKS1B,-1.636121545270822
CCDC85A,-0.6817250372755667
CNTN1,0.0
TMEM144,0.0
PCSK2,0.0
ABLIM1,0.0
KCNIP1,0.0
MT-ND2,0.0
CSGALNACT1,0.0
UNC13C,0.0
MSRA,0.0
TMEM132B,0.0
SNAP25,0.0
PRUNE2,0.0
KCNMA1,2.4629275847508283
SLC22A10,0.0
ARAP2,1.9819297849331434
SHTN1,0.0
ENOX1,0.0
MEIS2,0.0
AL049828.1,0.0
AC016687.2,0.0
MIR137HG,0.0
MEG8,0.0
SNRPN,0.0
PDE8B,0.0
PTPRO,0.0
LY86-AS1,0.0
KCTD8,0.0
RBFOX3,0.0
FRMD4B,0.0
NKAIN3,0.0
SEMA6D,0.0
THRB,0.0
RGS12,0.0
LRRTM3,0.0
LINC01378,0.0
CACNA1B,0.0
ADCY2,0.0
DGKG,1.6684302032681446
PLXNA4,0.0
AC073050.1,0.0
MYRIP,0.0
GLIS3,0.0
LHFPL6,0.0
MYO16,0.0
ARHGAP26,0.0
TMEM178B,0.0
CDH10,0.0
SORCS3,0.0
DOCK5,0.0
GAB1,0.0
CDH8,0.0
MLIP,0.0
CPNE4,0.0
AC090578.1,0.0
HDAC9,0.0
PDZRN3,0.0
ADGRV1,4.100492169839293
ADGRL3,0.0
AFF3,0.0
DSCAML1,1.681751496126023
ZEB2,0.0
DLC1,0.0
SYN2,0.0
PTPRG,-1.3183883847034543
ZNF804B,0.0
R3HDM1,0.0
AC008415.1,0.0
GRM1,0.0
GABRB3,0.0
HCN1,0.0
CHST11,0.0
SPARCL1,0.0
LINC01322,0.0
ERBIN,0.0
CHN1,0.0
PCDH11X,0.0
MEF2C,-2.757691425625032
SLC9A9,0.0
TNR,0.0
PTPRN2,2.3097624492897197
TENM4,0.0
SLC44A1,0.0
CACNA1A,2.12717368546145
SH3GL2,0.0
LUZP2,0.0
MAN2A1,0.0
BRINP3,0.0
CNTN3,0.0
CASC15,0.0
ITPR2,0.0
TCF12,0.2563631024371761
CNKSR2,0.0
TTTY14,0.0
TMEFF2,0.0
GRIN2B,0.0
PCLO,0.0
DOCK4,0.0
PLD5,0.0
NTRK3,0.0
SLC4A10,0.0
MT-ND1,0.0
CAMK1D,-3.6147581015654264
FHIT,0.0
RASGRF2,0.0
ATP8A2,7.980607024014175
LHFPL3,0.0
SATB2,0.0
ZMAT4,0.0
AK5,0.0
PRKCB,0.0
LRMDA,0.0
GABRB2,9.607761981981621
AC060765.2,0.0
FAT3,0.0
LRRC7,0.0
TMEM108,0.0
CA10,0.0
PWRN1,6.0734683602944575
FMN1,0.0
NECAB1,0.0
MMP16,0.0
L3MBTL4,0.0
PHLPP1,0.0
FOXP2,0.0
RYR3,0.0
GRIA1,0.2636457433640237
GPM6A,0.0
CUX2,0.0
CACNB2,0.0
RPS6KA2,0.0
PDZRN4,0.3664217884288262
NAV3,0.0
PARD3,0.0
CALN1,0.0
GRM3,0.0
CNTNAP4,1.0010375969157181
DMD,0.0
CACNA1C,2.303737271914545
PRKCA,0.0
LINC01122,0.0
AC073091.3,0.0
SV2B,0.0
ANO4,0.0
TRHDE,0.0
PCDH15,0.0
NFIB,0.0
DTNA,0.0
UNC5C,0.0
MAML2,0.0
CACNA2D1,0.0
KCNB2,0.0
SNHG14,0.0
HECW1,0.0
POU6F2,0.0
FLRT2,0.0
ADAMTS9-AS2,0.0
SORBS2,0.0
MT-CYB,0.0
SLC44A5,0.0
GALNT13,0.0
CADPS,0.0
MACROD2,4.4830842135242275
KCNH1,0.0
PLCG2,0.7492623180614403
AL589740.1,0.0
AC107223.1,0.0
PDE10A,0.0
GALNT17,0.6997664548326071
OXR1,-2.4044985442519344
THSD7A,0.0
SHISA9,0.0
WWOX,0.0
RAPGEF5,0.0
MCTP1,-0.4866062572962905
CDH9,0.0
MYT1L,0.8996716281683059
DCLK1,0.0
SLC1A2,0.0
KCNQ3,0.0
ZFPM2,0.0
PEX5L,0.0
CHSY3,0.0
PTPRM,0.0
PITPNC1,0.0
RNF220,0.0
MBP,0.0
ELMO1,0.0
CELF2,0.0
XKR4,0.0
NELL1,0.0
SLC35F3,0.0
ERC2,0.0
SLC35F1,0.0
ZNF385B,0.0
PLCL1,0.0
ALCAM,0.0
NCKAP5,0.0
KCNC2,0.0
KHDRBS3,0.0
FRMD5,0.0
TENM3,0.0
SGCD,0.0
TRPM3,0.0
PLCB1,0.0
AL008633.1,4.515309786320468
SLC1A3,0.0
GABRG3,0.0
CSMD3,7.66344010165705
FRMD4A,0.0
NTM,0.0
RORB,0.0
DPYD,0.0
KALRN,-3.3701028461149387
NFIA,0.0
EFNA5,0.0
RGS7,0.0
PDE1C,0.0
ASTN2,0.0
LRFN5,0.961068470687805
PLP1,0.0
SPOCK1,2.043841582131922
AGBL4,0.0
SDK1,0.0
PIP4K2A,0.0
MT-ND4,0.0
SOX2-OT,0.0
FBXL7,0.0
RIMS2,0.0
PDE4D,0.0
SLC24A2,0.0
NLGN1,0.0
INPP4B,0.0
SLIT2,0.0
DPP6,0.0
MTUS2,0.0
MT-CO1,0.0
ADGRL2,0.0
SOX6,0.0
FAM155A,0.0
EDIL3,0.0
PCDH9,0.0
ZNF804A,0.0
PHACTR1,0.0
SYNPR,0.0
ST18,0.0
MDGA2,0.0
TOX,0.0
OLFM3,0.0
ARPP21,0.0
STXBP5L,0.0
FGF12,0.0
MARCH1,1.4220540893325906
GPC6,0.0
NELL2,0.0
PLXDC2,0.0
GRIN2A,0.0
MEG3,-2.1247067049053503
AC092691.1,0.0
NRG3,0.0
FSTL4,0.0
CCSER1,-2.3318727736288642
IL1RAPL2,0.0
DOCK10,0.0
CNTN4,0.0
SORCS1,0.0
GRM5,0.0
FRMPD4,0.0
KCTD16,-0.9820423119303995
CDH20,0.0
FSTL5,0.0
NEGR1,0.0
TMEM132D,0.0
CACNA2D3,0.0
MT-ATP6,0.0
MT-ND3,0.0
IL1RAPL1,1.2217943882091316
RORA,-0.7005885121481541
CADPS2,0.0
LSAMP,0.0
TMTC2,0.0
CLSTN2,0.0
NCAM2,0.0
CBLN2,0.0
CDH18,0.0
KCNH7,0.0
GRM7,0.0
LRRC4C,0.0
AL117329.1,0.0
KCND2,0.0
CDH13,0.0
ST6GALNAC5,0.0
PCDH7,0.0
MT-CO2,0.0
MGAT4C,0.0
GRIA4,0.0
SLC8A1,0.0
DLGAP1,0.0
RBMS3,0.0
RYR2,0.0
FGF14,0.0
PTPRD,0.0
AC109466.1,0.0
MT-CO3,0.0
NRXN3,0.0
GPC5,0.0
NRXN1,0.0
UNC5D,0.0
CNTNAP5,0.0
GRIK2,0.0
CTNNA3,0.0
DLGAP2,0.0
KHDRBS2,0.0
ASIC2,0.0
SYN3,0.0
PRKG1,0.0
AC013287.1,0.0
ATRNL1,0.0
CTNNA2,0.0
ZNF536,0.0
AC011287.1,0.0
KIRREL3,0.0
SOX5,0.0
CHRM3,0.0
PTPRK,0.0
LDB2,0.0
ZBTB20,0.0
PDE1A,0.0
DAB1,0.0
KCNMB2,0.0
TENM2,-0.6516184445301572
DGKB,0.0
SPOCK3,0.0
DSCAM,0.0
TAFA2,0.0
TSHZ2,0.00886845692669048
LRP1B,0.0
SNTG1,0.0
PTPRT,0.0
PDZD2,2.235666928007234
ROBO1,0.0
NKAIN2,0.0
EPHA6,0.0
TAFA1,0.0
PDE4B,0.0
KAZN,0.0
KIAA1217,0.0
ZNF385D,0.0
OPCML,0.0
RGS6,0.0
QKI,3.5902954429721152
GRIP1,-0.6404999472762215
NPAS3,0.0
SYT1,0.0
LINGO2,0.0
KCNQ5,0.0
NXPH1,0.0
GRID2,0.0
GRIK1,0.0
CNTNAP2,0.0
NRG1,0.0
GALNTL6,0.0
CSMD1,0.0
CDH12,0.0
DCC,0.0
XIST,0.0
LRRTM4,0.0
NEAT1,0.0
HS6ST3,0.0
RBFOX1,0.0
IQCJ-SCHIP1,0.0
SGCZ,0.0
CNTN5,0.0
RALYL,0.0
DPP10,0.0
ADARB2,0.0
ROBO2,0.0
KCNIP4,0.0
ERBB4,0.0
