Feature_Name,Weight
RSRC1,0.0
RNGTT,0.0
LIMS1,0.0
MAPK1,0.0
KIZ,0.0
SACS,0.0
RNF180,0.0
TRA2A,0.0
MRPS30-DT,0.0
RAB3IP,0.0
LARP1,0.0
NSD3,0.0
PHTF2,0.0
PELI2,0.0
ANAPC10,0.0
TOM1L2,0.0
SERGEF,0.0
MPHOSPH8,0.0
LRRC3B,0.0
TANC1,0.0
CSNK1A1,0.0
LINC02822,0.0
RAPH1,2.005873860254675
RPAP2,0.0
NFIC,0.0
PCM1,0.0
GSE1,0.0
SHPRH,0.0
RAB6A,0.0
MOG,0.0
PTN,0.0
NPTX1,0.0
MICU2,0.0
ZNF827,5.667926382798497
RAB11FIP3,0.0
UBE2K,0.0
USP33,0.0
ARHGAP12,0.0
CXCL14,0.0
PDGFD,0.0
USP24,0.0
SYT11,0.0
DMXL1,0.0
LINC01138,0.0
SAT1,0.10731529362389539
PPP1R21,-0.9636754317864751
PLPPR4,0.48796558201867085
LINC00320,0.0
RABEP1,0.0
ERCC6L2,-0.22612601062253065
CREG2,0.0
ATP13A4,0.0
SH3BGRL,0.0
TECPR2,-0.816764524816067
FAF1,0.0
NUTM2A-AS1,0.0
AATK,0.0
PPP4R4,0.0
NAP1L1,0.0
MIB1,0.0
HNRNPDL,0.0
VPS53,0.0
RANBP9,0.0
PRRC2C,0.0
NRF1,0.0
SRRM2,0.0
SLC4A7,0.0
CNOT2,0.0
MARCH6,16.114397539614085
AJAP1,0.0
MARK3,0.0
HNRNPA2B1,0.0
HP1BP3,0.0
SMURF1,0.0
ATXN2,0.0
CYFIP2,0.0
AL445623.2,0.0
DOP1A,0.0
ESYT2,0.0
NUBPL,6.1421035943335305
UBE2H,0.0
AC110614.1,0.0
SMAP2,0.0
SLC23A2,0.0
CYFIP1,0.0
CCDC92,0.0
MED27,0.0
ATF7IP,0.0
LINC01170,0.0
PPP6R2,0.0
SPHKAP,0.0
ABL1,0.0
AF165147.1,-1.565475291902418
AHCYL1,0.0
TMEM178A,0.0
PPHLN1,0.0
RPL37A,0.0
CTNND1,0.0
ATL1,0.0
USP15,0.0
GRB10,0.0
TRIP12,0.0
KMT2E,0.0
RALGPS2,0.0
BIRC6,0.0
ANO10,0.0
HSPH1,0.3587766926233801
CCSER2,0.0
VRK2,0.0
STAT4,0.0
LUC7L3,0.0
TRIM44,0.0
RNF115,0.0
MTMR7,0.0
GLG1,0.0
RAB28,0.0
GNB1,0.0
RSRP1,0.0
PRKAR1B,0.0
UBE2D3,0.0
SNTB2,0.0
SETD5,0.0
PEG3,0.0
PDE4DIP,0.0
HTRA1,15.72933706018197
UNC13A,0.0
SLC24A4,0.0
ST7,0.0
CYTH1,-0.1299167055962372
OLA1,0.0
LMTK2,0.0
GABRA4,0.0
AGO3,0.0
STRN3,0.0
AC006504.5,0.0
ARIH1,0.0
CFAP161,0.0
PIK3CA,0.0
ARHGEF28,0.0
CASTOR3,0.0
MON2,0.0
PDGFC,0.0
CDC42SE2,0.0
KDM2A,0.0
ITSN2,0.0
ZRANB3,0.0
SPIN1,0.0
SARAF,0.0
LMBRD1,0.0
CEP350,0.0
MTHFD2L,0.0
PSPC1,0.0
AP3B1,0.0
TAOK1,-1.878705125971376
SNX9,0.0
RAB3GAP1,0.0
PDS5A,0.0
SHROOM3,0.0
CEP170,0.0
TERF2IP,22.49139164253382
TRAF3,0.0
SECISBP2L,0.0
TMEM135,0.0
CAPZB,0.0
JPH4,0.0
GPI,0.0
TDRD3,0.0
CPLANE1,0.0
ZNF438,0.0
PPA2,0.0
CORO2B,0.0
SRSF11,0.0
PPP2R5C,0.0
RAB10,0.0
TRPC4,0.0
SPATS2,0.0
SENP6,0.0
MCPH1,0.0
SMAD3,0.0
TMSB4X,1.5755213726409572
ITCH,0.0
CNP,0.0
TULP4,0.0
PIBF1,0.0
ATRX,-0.3921266853787403
OGA,0.0
TNRC18,0.0
PAG1,0.5089008665253775
ZNF148,0.0
GATAD2B,0.0
DMXL2,0.0
EHMT1,0.0
PKN2,-20.980911831224603
PPP6R3,0.0
ARID4B,0.0
KLHL4,0.0
ZNF518A,0.0
PPP1R13B,0.0
CERCAM,0.0
NDFIP1,0.0
FAM222B,0.0
AUH,-1.194107997505581
MICU3,0.0
PTPRA,0.0
TRPC5,0.0
DNMT3A,0.0
BRWD1,-0.9535999188396553
MOSMO,0.0
KCNN3,0.0
CDK13,0.0
CACHD1,0.0
XPO1,0.0
UBR3,0.0
KIDINS220,0.0
BIN1,0.0
RBM6,0.0
WAC,0.0
MIR4300HG,0.0
SPPL3,0.0
AFF2,0.0
CAPS2,8.277607817716142
FAM13B,0.0
CD47,0.0
NCK2,0.0
LARP1B,-5.041211233381218
ARID2,7.139684719058592
MERTK,0.0
CDK17,4.374176019043662
KMT2A,0.0
BTRC,0.0
UBE2R2,0.0
SEMA3A,0.0
FBXL2,0.561878322576675
CLIP4,2.3050432729105155
GPR155,0.0
EEPD1,0.0
VPS8,0.0
TMEM163,0.0
ZNF91,0.0
RUFY3,0.0
ADD1,-0.0567300580054752
STAMBPL1,0.534528049438263
ZNF652,11.250185373704555
SESTD1,0.0
AC008591.1,0.5315817108252491
VPS41,0.0
EVA1C,-0.014672128035495462
MTERF1,-0.8345066717909427
REPS1,0.0
RABGAP1,0.0
BCL11B,0.0
ARID1B,-0.06448885443093465
ACSL3,4.615267770444564
POGZ,0.0
CBFA2T2,0.0
PSME4,0.0
MTRNR2L12,0.0
ZNF721,0.0
SPAG9,0.0
CERS4,0.0
ROR1,0.0
USP47,0.0
AC110296.1,0.0
CALM3,0.0
ACBD6,0.0
DICER1,0.0
MLLT10,0.0
EFR3B,0.0
SRCIN1,0.0
RAD9A,0.016088768961525772
KIAA1109,0.0
ZNF532,0.0
NKTR,0.0
RAP1A,-1.2244845748414857
ATP10B,0.0
ATE1,0.0
EML5,0.0
ULK4,0.0
SEC14L5,0.0
NT5C2,0.0
UBAC2,0.0
NEXMIF,0.0
PCNX1,-1.167169223333003
DGKD,0.0
UBE4B,-0.8107383320382782
TENT2,0.0
CHD6,-0.29418748495862024
ZMYM2,0.0
GTF2IRD1,-2.0473111816187375
SREBF2,0.0
ARHGAP35,0.0
RALGAPA1,0.0
PTEN,0.0
WDR70,0.0
ATXN10,0.0
WNK1,0.0
NPTN,0.9963020386142294
ALOX12-AS1,0.0
ZNF644,1.775059918399837
ATP11A,0.0
RBM26,0.0
UBR5,0.0
CDKL1,0.0
AMER2,-3.5808221379243474
TTC17,0.0
RNF24,0.0
FAM49A,0.0
ZNF248,-0.5747255628631881
CAMSAP2,0.0
KHDRBS2-OT,0.0
CNR1,0.0
IQGAP1,0.0
CHPT1,0.0
NEK1,0.0
SPATA13,-0.2825258469123609
ZFYVE9,0.0
PIEZO2,0.0
LIPA,0.0
AC079352.1,0.0
AC079447.1,0.0
GNG2,0.0
SKAP2,-0.29230141152219763
JMJD1C,0.0
PPP3R1,0.0
DENND5A,0.0
PPM1B,13.77285682399635
CLSTN1,0.0
TTC7B,0.0
MITF,0.0
COL21A1,0.0
RHBDL3,-0.1303751711381294
LINC00276,0.0
ATP9A,0.0
GRAMD1B,0.0
SLCO1A2,-0.8544027547481786
ZNF638,0.0
GSN,-11.00612087299758
AC012494.1,0.0
TAB2,0.0
NRG2,0.0
MEGF9,0.0
NETO2,0.0
LINC00894,0.0
LHFPL2,0.0
KIF1B,0.0
VPS13C,0.0
NDFIP2,0.0
USP32,0.0
TNPO1,0.0
STX8,0.0
ATG4C,0.0
RFFL,0.0
NRIP1,0.0
GSK3B,0.0
WNK2,0.0
TPD52,-1.0998432695447915
CHCHD3,0.0
AKAP9,0.0
LINC01197,0.0
GALNT2,0.0
DYRK1A,0.0
GOLGA4,0.0
LINC01331,0.09950961139933795
TBC1D4,0.0
METTL15,0.0
SEMA4D,0.0
RPRD2,0.0
CLASP1,0.0
LINC00513,0.0
RFX7,0.0
COMMD1,0.0
AKT3,11.15979597274294
SLC38A11,0.0
MGAT4A,0.0
HMBOX1,0.0
KIAA0930,0.0
HECTD4,0.0
ABCA2,0.0
TRPC1,0.0
CLDN11,0.0
FBXO11,0.0
BICRAL,0.0
KCNN2,0.0
RGS7BP,0.0
TTBK2,0.0
PDE5A,0.0
KDM4C,0.0
ANKRD11,0.0
CCDC18-AS1,0.0
EPB41L4B,0.0
TUT4,0.0
RBMS1,0.0
FTO,0.0
CTIF,0.0
CCDC30,-4.980934865480429
ATM,0.0
BAALC,2.632815725766192
BRAF,0.0
RFX4,0.0
AC118549.1,0.0
AC008574.1,0.0
CELF1,0.0
DYM,0.0
MIR29B2CHG,0.0
PHKB,0.0
YWHAZ,0.0
SYNPO2,0.0
RHOBTB3,0.0
MAP4K3,0.0
ZNF462,0.0
WDFY3,0.0
ZNF280D,0.0
RB1,0.0
KIF21A,0.0
LUC7L2,0.0
RICTOR,-0.12438682047188172
CXXC4-AS1,0.0
CEP85L,0.0
NUMB,0.0
CLIP1,0.0
AL033504.1,0.0
ANKRD33B,0.5006124183263859
ADD2,0.0
MBD5,0.0
VPS13B,0.0
COL11A1,0.0
NIPBL,0.0
NT5DC1,0.0
C11orf49,0.0
PKD2,0.0
SLC16A7,0.0
LMO7,0.0
TMEM241,0.0
RAB11A,0.0
KLHL2,0.0
CASK,0.0
FBXL20,0.0
PSEN1,0.0
HHIP,0.0
CASC4,0.0
PNISR,0.0
ZNF292,0.0
HTR2C,0.0
U91319.1,0.0
ATP2C1,0.0
UGT8,0.0
RIPOR2,0.0
ACER3,-1.2986497626202864
BMPR1A,0.0
ADAMTSL3,0.0
ANKRD17,0.0
LDLRAD3,0.0
FNBP1L,0.0963647098009174
FBN1,0.0
ZDHHC21,0.0
TBC1D32,0.0
LCOR,0.0
SLC25A13,0.0
AC013652.1,0.0
SLC8A3,0.7090644368152499
SH3PXD2A,0.0
TRAK1,-0.2682063915863974
FAM171B,0.0
FAM135A,0.0
SILC1,0.0
AC007364.1,0.0
GRAMD2B,0.0
GLUL,0.0
BPTF,0.0
LONRF2,0.6026830492836598
DNAH7,0.0
CCDC7,0.0
RUNX2,-17.010517747366727
PLEKHA6,0.0
PSAP,0.0
LRRC28,0.0
ASCC3,0.0
DPF3,0.0
INSR,0.0
LRCH1,0.0
KANSL1,0.0
LINC00499,0.0
LRIG1,-6.005557156754572
ST3GAL3,0.0
CHKA,-1.4844337717694465
GAPDH,0.0
KIFAP3,0.0
SPTAN1,0.0
GPHN,0.0
UVRAG,0.0
ARHGEF7,0.0
SLC12A2,0.0
SHROOM4,0.0
NUAK1,0.0
AC007389.1,0.0
NF1,0.0
SRPK2,0.0
DKK3,0.0
TUSC3,0.0
RPS6KA3,0.0
SMAP1,0.0
SPTBN1,0.0
CPEB2,0.0
C20orf194,0.0
SLC4A8,0.0
FAM168A,-31.168296986171693
RXFP1,0.0
BMPR1B,0.0
MXI1,0.0
SPIRE1,0.0
ITM2B,0.0
MAP3K13,0.0
TNRC6C,0.0
ACAP2,0.0
ZFAND3,0.0
RASSF8,0.0
ABI1,0.0
RDX,-0.6158058191587358
UBE3D,0.0
CDK8,0.0
OSBPL9,0.0
CLDND1,0.0
MAP4,0.0
ENAH,0.0
STS,0.0
RASA2,0.0
KIF13B,0.0
ZNF483,0.0
ELP4,0.0
PPP2R2A,0.0
COBLL1,0.0
MPP6,0.0
LRRC8D,0.0
AC079781.5,0.0
ADAM10,0.0
C11orf80,0.0
PREPL,0.0
ITPKB,0.0
NCKAP1,0.0
CCND3,0.0
MRTFA,0.0
ARHGEF3,0.0
STMN2,0.0
DLGAP4,1.6610685140820256
MAP2K4,0.0
AC046134.2,0.0
BNIP3L,0.0
ABI2,0.0
TTLL11,0.0
TPK1,0.0
PVT1,0.26258299856277295
ARHGAP22,0.0
VAMP2,0.0
SEM1,0.0
RABGEF1,0.0
OSBPL10,0.0
CHD9,0.0
PLPP1,0.0
CTBP2,0.0
GALNT7,0.0
FNDC3B,0.0
CLASP2,0.9654715137007008
KMT2C,0.0
RUNX1,0.0
INPP4A,0.0
ANKRD36C,-0.18558481958167752
LINC01811,0.0
KIF16B,0.0
SIPA1L3,0.0
TSBP1-AS1,0.0
ATP9B,0.0
WDR7,0.0
PTMA,0.0
DYNC2H1,0.0
CKB,0.0
SOS1,0.0
MTA3,0.0
AFDN,16.726451997324443
TNKS,0.0
PAN3,0.0
ANKRD36,0.0
NECTIN3,0.0
STX18-AS1,0.0
CDC42BPA,4.070766116363123
CCPG1,0.0
PCGF5,0.0
CLIP2,0.0
ARGLU1,0.0
PIAS1,0.0
PRH1,0.0
CLVS2,0.0
ZFYVE16,0.0
KIAA1324L,0.0
MAP2K5,0.0
COLGALT2,0.0
VCAN,8.887553652201934
FNIP2,0.0
HS2ST1,0.0
CLEC16A,0.0
ZFHX4,0.0
PLD1,0.0
UBE2E3,0.0
AC009899.1,0.0
LRRFIP2,0.0
LINC01505,0.0
FNIP1,0.0
PTPRS,-11.339992054418637
DOCK7,0.0
ANKRD26,0.0
COG5,0.0
TBCK,0.0
ADIPOR2,-2.1164100409072857
RALGPS1,0.0
MYO9A,0.0
MGLL,0.0
UBE3A,0.0
PHF14,-0.013023932277042218
RNLS,0.0
DPY19L1,0.0
PRNP,0.0
FAM172A,0.0
COL26A1,0.0
LYST,0.0
KCNK1,0.0
PCBP1-AS1,-0.9716792377334145
EPB41,0.0
VPS13D,0.0
CEMIP,0.0
RYBP,0.0
OBI1-AS1,0.0
RNF13,5.348509991441828
ABCA5,0.0
ARHGEF4,0.0
TACC1,-1.3394799777752249
COP1,0.0
LINC01184,0.0
SLC20A2,-3.8266596846859176
RALGAPA2,-0.15319105100700098
AC069228.1,0.0
TTC3,0.0
AMMECR1,0.0
CDKAL1,0.0
TMCC1,0.0
ZSWIM5,0.0
CCDC171,0.0
ICA1,0.0
SSBP3,0.0
LINC00923,0.0
HERC4,0.0
PALLD,0.0
TSHZ3,0.0
CNNM2,0.0
EFCAB2,0.0
NR2F2-AS1,0.0
GPATCH8,0.0
DST,0.0
STK3,0.0
ABHD2,0.0
EVL,0.6427715636187411
MCC,0.0
DENND4A,-0.4229440320808159
BCKDHB,0.6305132046667031
JAK2,0.0
PLEKHA1,0.0
VGLL4,0.0
INVS,0.0
AC009041.2,0.0
ZNF365,0.0
HDAC4,0.0
CHD7,0.0
SESN3,0.0
WDFY2,0.0
DDX17,0.3541413692087775
C2CD5,0.0
JARID2,0.0
SCFD2,0.0
PPP1R12B,0.0
KAT6B,0.0
ITSN1,0.0
SCAPER,-0.02003196629901565
MYCBP2,0.0
AC027288.3,0.0
POU2F1,0.0
APBA2,0.0
DPH6,0.0
SCLT1,0.0
ZDHHC20,0.0
SERINC5,0.0
ATXN7L1,0.0
WWP1,0.0
CEP126,0.0
SIDT1,0.0
CYP1B1-AS1,0.0
ADRA1A,0.0
JPX,0.0
PEBP1,0.0
TBC1D22A,0.0
EXOC4,0.0
R3HDM2,0.0
SND1,0.0
FOXO1,0.0
DENND1A,0.0
AC073332.1,0.0
ENSA,0.0
MARK1,0.0
PLCB4,0.0
ACACA,0.0
TAPT1-AS1,-0.40458607306956346
MED13L,0.0
ANKRD12,0.0
SORCS2,0.0
HDAC8,0.0
CDR2,0.0
SUSD4,0.0
AF117829.1,0.0
PCCA,-0.20768039272904887
SLC16A1-AS1,0.0
ARL17B,0.0
AAK1,0.0
MIR124-2HG,0.0
EEF1A1,0.0
EVI5,0.0
TRAPPC9,0.0
KIF9-AS1,0.0
DIPK1A,0.0
MAPRE2,0.0
ST8SIA5,0.407244643592475
ACTB,0.0
SH3KBP1,0.0
CPEB4,0.0
KIAA0319,0.0
CAP2,0.0
ITFG1,0.0
KANSL1L,0.0
NBAS,0.0
PGBD5,0.0
FRRS1L,-11.992812720114722
COL4A5,-0.13319332542576787
FAM107B,-0.8943657824675577
MTHFD1L,0.0
SGO1-AS1,0.0
SLC22A23,0.0
CAMK2G,0.0
ZNF407,0.0
FNDC3A,0.0
CDK6,0.0
SPATA6,-0.0889375399196124
TBL1XR1,0.0
LINC00486,-13.391288864742751
CAMK2B,0.0
SPRED1,0.0
BMPR2,0.0
AL139260.1,0.5647294710484044
SBF2,0.0
TBC1D5,0.0
CRPPA,0.0
ANKS1A,0.0
GABRA1,0.0
JAM3,0.0
MYO5A,0.0
VWA8,0.0
TCF7L2,0.0
MAPT,0.0
ACTN1,0.0
CDH11,0.0
SIK2,0.0
LAMP2,0.0
FOXO3,0.0
RAP1GDS1,0.0
STAU2,0.0
CPEB3,0.0
MAPK8,0.0
ELAVL4,0.0
SESN1,-1.9808424524801913
SEMA6A,-0.3836545427937165
LRBA,-1.571894546934896
CRIM1,0.0
HLCS,0.0
REPS2,0.0
CHD2,0.0
FBXO34,0.0
ANKIB1,0.0
ATP1A2,0.0
RFTN1,0.0
TAOK3,0.0
SDCCAG8,0.0
NHSL1,0.0
CABLES1,0.0
CENPP,0.0
MEGF10,0.0
TMEM14B,0.0
GNAI1,0.0
AC093523.1,0.0
DPH6-DT,0.0
APBA1,0.0
TLK1,0.0
MICU1,0.0
ME3,0.0
ICA1L,0.0
TRMT9B,0.0
PPP1R12A,0.0
SCHLAP1,0.0
PTPN4,28.7270236321498
LANCL1,0.0
UGGT2,0.0
ARHGAP5,-0.3549523533054569
LINC00342,0.0
MAN1C1,0.0
MYO6,0.0
AC008269.1,0.713964137292495
HERC1,0.0
AC016831.7,0.0
RBPJ,4.312229130911566
LINC00599,0.0
SNX29,0.0
RGL1,0.0
CMIP,0.0
RFTN2,-1.4002340452892723
BACH1,0.0
EPHB1,0.0
ANKRD34C-AS1,0.0
RSPO2,0.0
CLVS1,0.0
ANKRD28,-2.246731263196469
ARMC9,0.0
CACNG2,0.0
LRRC8B,0.0
PKN2-AS1,-18.758678674805157
DPYSL2,0.0
AC092422.1,0.0
PHF21A,0.0
ANK2,0.0
FAM13C,0.0
ZMYND8,0.0
FAM171A1,0.0
ADCY1,0.0
CCNY,0.0
DAAM1,0.0
GLDN,0.0
DNAJC1,0.0
MYH10,0.0
WLS,0.0
MVB12B,0.0
EXOC6B,0.0
TESPA1,0.0
TARBP1,0.0
MIPOL1,0.2137822666699309
ZNF609,0.0
DENND5B,0.0
PACS1,0.0
AGPAT4,0.0
LNX1,0.0
KLHL5,-1.147569469260892
FAM110B,0.0
NCOA7,0.0
TBC1D1,0.0
DIP2C,0.0
P2RX7,0.0
ARHGEF12,0.0
ATP6V1H,0.0
SGIP1,0.0
NPAS2,0.0
RERG,0.0
THSD7B,0.0
RUNDC3B,0.0
AC011346.1,-0.27019852532538113
DDX5,0.0
COMMD10,0.0
DUBR,0.0
ZFYVE28,0.0
OLFM1,0.0
STK39,0.0
WDR17,0.0
TRERF1,0.0
HS3ST2,-18.85873034056778
UCHL1,0.09684239109371472
NFIX,0.0
NFAT5,0.0
LCORL,0.0
DLEU1,0.0
ANO5,0.0
FXYD6,0.0
NR6A1,0.0
SCMH1,-5.551271670202398
STAG1,0.0
EPS15,0.0
PDS5B,2.545201762290782
SGSM1,0.0
CELF5,0.0
QDPR,0.0
NCOA1,0.0
EXOC6,0.0
SEMA5A,12.613228360128911
PI4KA,0.0
AC098829.1,-5.800336717322451
MAN1A2,0.0
PCSK5,0.0
JAKMIP2,0.0
KDM6A,15.212010134110566
SLC39A10,0.0
EHBP1,-0.13382308320802144
ITGB8,-1.6093780441062273
PRKACB,0.0
ELF2,0.0
CCDC88A,0.0
PATJ,0.0
DAAM2,0.0
RASA1,0.0
RMST,0.0
TUBA1B,0.0
BMERB1,0.0
RAB27B,0.0
ABLIM2,0.0
TTC39C,0.0
FAR2,0.0
NEK10,0.0
PTBP2,0.0
ROCK2,0.0
ITGA9,0.0
VTI1A,0.0
DDAH1,0.0
HIBCH,0.0
TPD52L1,0.0
KIF5C,0.0
GPR137C,9.187699779233428
LINC02389,0.0
TNRC6A,0.0
UMAD1,0.0
POLR2F,0.0
ENTPD1-AS1,0.0
HOMER1,0.0
IPCEF1,0.0
ANKH,0.0
SNAP25-AS1,0.0
KIAA1328,4.911154884607295
ASXL3,0.0
GNG7,0.0
LINC01278,0.0
PHACTR2,0.0
ASB3,0.0
SLC35F4,0.0
GNAQ,0.0
TIAM2,0.0
MNAT1,0.0
AKAP13,0.0
APC,0.0
SAMD5,0.0
MT-ND5,0.0
RTN3,0.0
BMP2K,0.0
MPDZ,0.0
AC021613.1,0.0
ANK1,0.0
ELAVL3,0.0
TAFA5,0.0
ARID5B,0.0
ZHX3,0.0
MAP4K3-DT,0.0
LRRFIP1,0.0
AGTPBP1,0.0
CAMTA1,0.0
PHIP,0.0
C1orf21,0.0
PRKAR2B,0.0
ATG7,0.0
MACF1,0.0
ZNRF3,0.0
RBFOX2,0.0
ZCCHC7,0.0
NALCN,0.0
PAK1,0.0
KIAA1958,0.0
BBX,3.712241669497983
ST8SIA1,0.0
LINC01821,0.0
BABAM2,0.0
GRIN3A,0.0
GAP43,0.0
MSC-AS1,0.0
AC106793.1,0.0
LIN7A,0.0
ADAMTS19,0.021562573220454892
KCNIP4-IT1,0.0
OSBP2,-6.331320272802839
RABGAP1L,0.0
CRB1,0.0
NYAP2,0.0
WASF1,0.0
USP25,0.0
MBOAT2,0.0
RAPGEF6,0.0
DCAF6,8.01524667213138
NSMCE2,0.0
MOB3B,0.0
TSPAN7,0.0
SHC3,0.0
HSP90AB1,0.0
IQSEC1,0.0
SEPTIN11,0.0
MCF2L2,0.0
JAK1,0.0
CDKL5,0.0
BICC1,0.0
PCSK6,0.0
ADCY9,0.0
SFXN5,0.0
STRBP,0.0
CPQ,-0.33802250492323443
AOPEP,0.0
MALAT1,0.0003318724227478857
MAP4K5,0.0
SPP1,0.0
DTNB,0.0
NR3C1,0.0
PLCL2,0.0
IDS,0.0
HIF3A,10.842681622146472
GRIK3,0.18822118866820844
AFF1,0.0
TPST1,-14.359622975564886
ZNF608,0.0
SPECC1,0.0
LPAR1,0.0
LMO4,0.0
OSBPL1A,-0.01420531623600545
ATP2B4,0.0
PCDH11Y,0.5049275609524757
TRIO,0.0
LINC02263,0.0
GPRC5B,0.0
SLC25A12,-12.55747515280427
DNAH6,0.0
IGSF21,0.0
AIG1,0.0
MIR2052HG,0.0
IGF1R,0.0
OSBPL8,0.0
ATXN1,-0.6688939227388271
AC124852.1,0.0
SCAI,0.0
AC087564.1,0.0
WSB1,0.0
SOBP,0.0
BCAS1,0.42115516523039104
ASAP1,0.0
GNAO1,0.0
GLCCI1,0.0
ARHGAP44,0.9352088370705823
UBASH3B,0.0
SRGAP2,0.0
RETREG1,0.0
RPS6KA5,-1.4280661873787368
CTTNBP2,0.0
GRIK4,0.0
SRGAP3,7.82536826886201
RPH3A,0.0
STOX2,0.0
KCNMB4,0.0
VPS13A,0.0
PPP1R16B,0.0
RNF130,0.0
UPP2,0.3215583106202528
MKLN1,-0.7447804181324342
TFDP2,0.0
FER,0.0
DNM1,0.0
BCAS3,0.0
FAM49B,0.0
PLXNA2,0.0
SLC5A4-AS1,0.028167023000317336
AL356295.1,0.0
GMDS,0.0
GMDS-DT,0.0
MPPED2,0.0
PANTR1,0.0
NAV1,-2.785412353362653
LINC01608,0.0
PIP5K1B,0.0
ACYP2,0.0
SGK3,0.0
CDC14B,0.0
NFASC,0.0
ADK,0.0
SRGAP1,0.0
SYNJ2,-0.5473811384729975
DOCK3,0.0
FTL,0.052491982853326805
TEAD1,0.0
TSC22D1,0.0
BBS9,0.0
LINC00511,0.0
LIFR,-0.2268100028255614
MICAL3,-14.390861836090332
PPP1R9A,-0.24490924126515426
LINC00461,0.0
GFOD1,0.21701299931302023
KLHL29,0.0
CCK,0.9159645828112013
LPGAT1,-0.6964114359415331
OTUD7A,0.0
FGFR2,0.0
UTRN,0.0
CDHR3,0.0
WDPCP,0.0
RAP1GAP2,0.0
SMARCA2,0.0
PREX1,0.0
MGAT5,0.0
ARHGAP21,0.0
TRAF3IP2-AS1,0.0
SGMS1,0.0
ADAMTSL1,-3.403672698873515
PTK2,0.0
DISC1,-5.0590477027811085
ASPH,0.0
HIVEP2,0.0
NCAM1,0.0
CTDSPL,0.0
NIPAL2,0.0
NCOA2,0.0
PCNX2,0.0
SYBU,0.0
ABR,0.0
LAMA2,0.0
PPM1H,0.0
SUMF1,0.0
CCDC144A,-13.846476687489176
ARFGEF3,0.0
BICD1,0.0
LRRK1,0.0
CPNE8,0.0
CMSS1,0.0
NOS1AP,0.0
ADAM22,0.0
FARS2,0.0
CCDC91,0.0
APP,0.0
PEAK1,0.0
HMGB1,0.0
NOL4,0.0
EPHA7,0.0
HDAC2-AS2,0.0
CAMKMT,0.0
SYT14,0.0
AC091078.1,0.0
RELN,0.0
BCL11A,0.0
MIR100HG,0.0
GAS7,0.0
RNF144A,0.0
GRIN1,0.0
OSBPL3,0.0
AP001347.1,0.0
SCN3A,0.0
RANBP17,0.0
ST6GAL1,0.0
NWD2,0.0
SNED1,0.0
GABRG2,0.7734733924141279
MAPK4,0.12108456740037858
SRRM3,0.33641545913605997
AKAP6,0.0
CALM2,0.0
KAT2B,0.0
FGD4,0.0
OSBPL6,0.03227403611067658
TMEM161B-AS1,0.0
STXBP5,0.0
GABRA2,1.4971723797641512
GAD2,0.0
LINC00609,0.0
TTN-AS1,0.0
POT1-AS1,0.0
PIK3R1,4.253128882708947
SPIDR,0.0
USP54,0.0
KCNQ1OT1,0.0
LINC00299,0.0
PARP8,0.0
RNF150,0.0
GHR,0.0
EPN2,-1.117737384722536
PAK5,0.0
AC024901.1,0.0
HPSE2,0.0
AUTS2,0.0
CDH4,0.0
SSH2,0.0
FYN,0.0
CEP112,0.0
KIAA0825,0.0
PHYHIPL,0.0
AL445250.1,0.0
NIN,0.0
MICAL2,0.0
SERPINI1,0.0
RTN4,0.0
RPS6KC1,0.0
LINC02232,0.0
ADD3,0.0
ENC1,0.0
GLS,0.0
PTK2B,0.0
AC132803.1,0.0
CSRNP3,0.0
RIMBP2,1.0157436251556455
IGSF11,-0.6318777351805263
TRMT11,0.0
AJ009632.2,0.0
ELL2,0.0
DCLK2,0.0
FNBP1,0.0
DLX6-AS1,0.0
SPATS2L,0.6513115032140793
NEO1,0.0
ASTN1,0.0
DGCR9,0.0
PARD3B,-0.21469312347203398
TCF4,32.38846119047943
CAMK2N1,0.0
ZHX2,0.0
ADCY8,0.0
ANKRD44,0.0
GAD1,0.0
GREB1L,0.0
MIR646HG,0.0
KCNB1,0.0
FBXL17,0.0
LRFN2,0.0
KCNJ6,0.0
PLPPR1,0.0
SORL1,0.0
STXBP1,0.0
GTDC1,0.0
PLEKHH1,0.0
ELAVL2,0.2481320388420082
MBNL1,0.0
PRICKLE2,0.0
NHS,0.0
ZBTB16,-0.7123816907943842
AHI1,0.0
GNAS,0.0
BAZ2B,0.0
EPHA3,0.020176630545343445
SLC4A4,0.0
DOCK9,-2.9693260461720854
AC098588.3,0.0
JAZF1,0.0
PREX2,0.0
SSBP2,0.0
ADAMTS17,0.0
ETV6,0.0
NLGN4X,0.0
DANT2,0.0
REV3L,0.0
SLIT1,0.0
TJP1,0.0
ATP1B1,0.0
DLG2,0.0
ZNF704,0.0
PPFIBP1,0.0
PLCH1,0.0
SCN8A,0.0
PICALM,0.0
ANO3,0.0
PLCXD3,0.0
FAM189A1,0.0
AC233296.1,0.0
FARP1,0.0
PTPN13,0.0
HULC,0.0
PPP2R2C,0.0
GDAP1,0.0
ERC1,0.0
GARNL3,0.0
GRID1,-0.8770965185863203
ENPP2,0.0
CACNG3,0.08296127427571741
SPTBN4,0.0
SUPT3H,0.0
AHCYL2,0.0
TRIM9,0.0
TRIM2,0.0
FHOD3,0.43228645221649387
BRINP2,1.0745368257705743
DIRC3,0.0
SORT1,0.0
GULP1,0.0
OPHN1,8.650312194726787
PTPRJ,0.0
HTR1E,0.0
RAD51B,0.0
FAM153CP,1.4612830090491131
TMEM117,0.0
HECW2,0.0
ZFHX3,0.0
CDH2,0.0
PCDH9-AS2,0.0
MEF2A,0.0
GAREM1,0.0
PRKN,0.0
PKP4,0.0
LINC01473,0.0
SH3D19,0.0
SYT16,0.3528110832356039
CUX1,0.0
SNAP91,0.0
SYNDIG1,0.0
NRGN,0.0
HIPK2,0.0
SNCA,0.0
DNAJC6,0.0
CPE,0.0
TLN2,0.0
TLE4,0.0
RARB,0.0
PHACTR3,-2.374157785197976
BASP1,0.0
PDE3B,0.0
GRK3,0.0
AC110023.1,0.0
CERS6,0.0
ATP8A1,0.0
UNC80,0.0
AC067956.1,0.0
MAGI1,-0.4598875273874824
CRADD,0.0
HSP90AA1,0.0
HIP1,0.0
FBXW7,0.1666470429250354
UTY,0.8526432451599123
SHANK2,0.0
AC068587.4,0.0
RIN2,0.0
MTUS1,0.0
LMO3,0.0
PXK,0.0
PRICKLE1,0.21977092023705433
NMNAT2,0.0
EPB41L3,0.0
FUT8,0.0
BACH2,0.0
AC093607.1,0.0
CSMD2,-6.9536354913381855
TENM1,0.0
AEBP2,0.0
PTPRE,0.0
SLAIN1,0.0
VWC2L,0.0
CIT,0.0
CCDC3,0.0
GNAL,0.0
CLU,0.0
MIR181A1HG,0.0
KANK1,0.0
MAP4K4,0.0
RIT2,0.13508270963372335
AC034268.2,0.0
ATP2B2,0.0
HS3ST5,-1.4397435739192792
BRINP1,0.0
UBE2E2,0.0
FIGN,0.0
ARHGAP32,0.0
TSPAN5,0.0
SCN1A-AS1,0.0
FAM13A,0.0
TTC28,0.0
ZDHHC14,4.372183927203772
AC120193.1,0.0
SHISA6,0.0
MLLT3,0.0
TMTC1,0.0
SAMD4A,0.0
SEPTIN7,0.0
MAN1A1,0.0
PPM1L,0.0
PACRG,0.0
KCNH8,0.0
MAGI2,0.0
SCN2A,0.0
PKNOX2,0.0
TF,0.0
CLMN,-1.844223624274897
ARNT2,0.0
AC008571.2,0.0
FAM135B,0.0
GAB2,0.0
LINC01414,0.0
RTN1,0.0
EGFR,0.0
MAGI3,0.0
CAMK4,0.0
SYNE1,0.0
KCNMB2-AS1,0.0
DAPK1,0.0
MOBP,0.0
UNC79,0.0
FRY,0.0
RAPGEF2,0.0
SPAG16,0.0
RUNX1T1,0.0
MYO1D,0.0
AC002460.2,0.0
DLEU2,0.0
CDK19,-0.5073364293687028
HIVEP3,0.0
VWC2,0.0
FOCAD,0.0
NOVA1,0.0
DOCK1,0.0
PRKCE,0.0
APBB2,0.0
CALM1,0.0
SAMD12,0.0
AMPH,0.0
ZEB1,0.0
AC011246.1,0.0
ADAM23,0.0
UBA6-AS1,0.0
GPR158,0.17423883770887957
NAV2,-0.06137856388756996
FUT9,0.0
HSPA12A,0.0
CREB5,0.0
NR2F1-AS1,0.0
DIP2B,0.0
PRKAG2,0.0
KCNH5,0.0
SIK3,0.0
MBNL2,0.0
STARD13,0.0
LIMCH1,0.0
PPM1E,0.0
LINC00882,0.0
AGAP1,0.0
BCL2,-1.94839905111378
RFX3,0.0
ALK,0.0
FOXP1,0.0
CACNA1D,0.0
NR3C2,0.0
MTSS1,0.0
TANC2,0.0
CABP1,0.0
MED12L,0.0
PRR16,0.0
AL391840.1,0.0
SCD5,0.0
BTBD9,0.0
FMNL2,0.0
PTPRR,0.0
SLCO3A1,0.0
LINC01725,0.0
CTNND2,0.0
STXBP6,0.0
NEDD4L,2.1927508215650393
MAP1B,0.0
PAK3,0.0
FRYL,2.4812214358152986
FRAS1,0.0
PSD3,0.0
SRRM4,0.0
DNM3,0.0
PRKD1,0.0
SASH1,0.0
GUCY1A2,0.0
DYNC1I1,3.2319174127406782
MEF2C-AS1,0.0
SIPA1L1,0.0
MAML3,0.0
EPHA5,0.0
BASP1-AS1,0.0
PBX1,0.0
EPHA4,0.0
SATB1-AS1,0.0
DLG1,0.0
MAST4,0.0
BMPER,0.0
AC025159.1,0.0
TMEM165,13.02866960957151
LMCD1-AS1,0.0
GRIA2,0.0
XKR6,0.0
SH3RF3,0.0
RASAL2,0.0
FCHSD2,0.0
ADGRB3,0.0
VSNL1,0.0
NLK,0.0
AC073365.1,0.0
COBL,0.0
RAB3C,0.0
KLHL32,0.0
FOXN3,0.012221555137248872
CDK14,0.0
ANKRD30BL,0.0
KLF12,0.0
MIAT,0.4147730974633416
CADM2,0.0
RAPGEF4,0.0
CAMK2D,0.0
LARGE1,0.0
FMN2,0.0
KIF26B,0.0
AL157944.1,0.0
DOK6,0.0
IMMP2L,0.0
MAPK10,0.0
KIAA1549L,0.0
MAP7,0.0
SLC2A13,0.0
XYLT1,0.0
EML6,0.0
KIF13A,0.0
NBEA,0.0
KSR2,0.0
CHL1,0.0
TTLL7,0.0
ZSWIM6,0.0
KCTD1,-16.844442322088742
LINC00632,0.0
AL513166.1,0.0
PID1,0.0
BTBD11,0.0
GALNT18,0.0
NDST3,0.0
SMYD3,0.0
DIAPH2,0.0
KIAA1211,0.0
DNER,0.0
ITPR1,0.0
LINC02306,0.0
CADM1,0.0
KCND3,0.0
USP9Y,0.21046851074667608
SLC7A14-AS1,0.0
NTNG1,0.0
C10orf90,0.0
CAMK2A,0.0
NAALADL2,0.0
C8orf34,0.0
ARHGAP24,0.0
GRM8,0.0
PDE7B,0.0
SLC39A11,-1.6498164619842905
NTRK2,0.0
SFMBT2,0.0
EXT1,0.0
PDE8A,0.0
ARL15,0.0
CACNA1E,2.6771617508317087
SCN1A,0.0
SETBP1,0.0
RCAN2,0.0
SH3GL3,0.0
TMEM232,0.0
ATP2B1,0.0
TMEM132C,0.0
SLC24A3,0.0
TNIK,0.0
EPB41L2,0.0
NETO1,0.0
CARMIL1,0.0
PPFIA2,0.0
PAM,0.06658943038162815
FGF13,0.0
MRTFB,0.0
GPM6B,0.0
CELF4,0.0
SEZ6L,0.0
CCNH,0.0
AC007563.2,0.0
AC019211.1,0.0
TIAM1,-19.84815290645788
ST6GALNAC3,0.0
LDLRAD4,-0.5242735432592743
PTGDS,0.0
MIR99AHG,0.0
MAP3K5,0.0
HS3ST4,0.0
KCNJ3,0.0
ANK3,0.0
AC006148.1,2.532659097987021
STXBP5-AS1,0.0
AQP4-AS1,0.0
AL591501.1,0.0
LPP,0.0
CACNB4,0.26425701310576594
PTCHD1-AS,0.0
PPP3CA,0.0
FKBP5,3.2023564903458537
PPP2R2B,0.0
MSI2,0.0
TRPS1,0.0
NRCAM,0.0
SLC6A1,0.0
RIMS1,0.0
GABRB1,0.937507150710874
NLGN4Y,0.4495170376150499
GABBR2,0.0
KCNT2,0.0
AC007368.1,0.0
PRELID2,0.0
MAP2,0.0
NEBL,0.0
FTH1,0.0
PTPRZ1,0.0
LINC01250,0.0
KIAA1211L,0.0
SGK1,0.0
PTCHD4,0.0
PLEKHA5,0.0
NCALD,0.0
DGKI,0.0
SORBS1,0.64590942812573
ESRRG,0.0
GRIA3,0.0
PALM2-AKAP2,0.0
SLIT3,0.0
ANKS1B,0.0
CCDC85A,0.0
CNTN1,0.0
TMEM144,-0.01967560635627811
PCSK2,0.0
ABLIM1,0.0
KCNIP1,0.0
MT-ND2,0.0
CSGALNACT1,0.0
UNC13C,0.0
MSRA,0.1794641006863514
TMEM132B,0.0
SNAP25,0.0
PRUNE2,0.0
KCNMA1,0.0
SLC22A10,0.0
ARAP2,-0.8366157996418002
SHTN1,0.0
ENOX1,0.0
MEIS2,0.0
AL049828.1,0.0
AC016687.2,0.0
MIR137HG,0.0
MEG8,0.6642300123832379
SNRPN,0.0
PDE8B,0.0
PTPRO,0.0
LY86-AS1,0.0
KCTD8,0.0
RBFOX3,0.0
FRMD4B,0.0
NKAIN3,0.0
SEMA6D,0.0
THRB,0.0
RGS12,0.0
LRRTM3,0.0
LINC01378,0.0
CACNA1B,0.0
ADCY2,0.0
DGKG,0.0
PLXNA4,0.0
AC073050.1,0.0
MYRIP,4.990952310050271
GLIS3,0.0
LHFPL6,0.1561177381145861
MYO16,0.0
ARHGAP26,0.0
TMEM178B,0.6907064822197561
CDH10,0.0
SORCS3,1.387088366889977
DOCK5,-2.3272329896899384
GAB1,0.0
CDH8,0.0
MLIP,0.0
CPNE4,0.0
AC090578.1,0.0
HDAC9,0.0
PDZRN3,0.0
ADGRV1,0.0
ADGRL3,0.0
AFF3,0.0
DSCAML1,-5.399401642586108
ZEB2,0.0
DLC1,0.0
SYN2,0.0
PTPRG,0.0
ZNF804B,0.0
R3HDM1,0.0
AC008415.1,0.0
GRM1,0.0
GABRB3,0.0
HCN1,0.0
CHST11,0.0
SPARCL1,0.0
LINC01322,0.0
ERBIN,0.0
CHN1,0.0
PCDH11X,0.0
MEF2C,0.0
SLC9A9,0.0
TNR,0.0
PTPRN2,0.0
TENM4,0.0
SLC44A1,0.0
CACNA1A,0.0
SH3GL2,0.0
LUZP2,0.0
MAN2A1,0.0
BRINP3,0.0
CNTN3,0.0
CASC15,0.0
ITPR2,0.0
TCF12,7.131581599656857
CNKSR2,0.0
TTTY14,0.9476818825271358
TMEFF2,0.0
GRIN2B,0.0
PCLO,0.0
DOCK4,0.0
PLD5,8.366082141557518
NTRK3,0.0
SLC4A10,0.0
MT-ND1,0.0
CAMK1D,0.6014082363735187
FHIT,0.0
RASGRF2,0.0
ATP8A2,0.33753912108192274
LHFPL3,0.0
SATB2,0.0
ZMAT4,0.0
AK5,0.0
PRKCB,0.0
LRMDA,0.0
GABRB2,0.0
AC060765.2,0.0
FAT3,0.0
LRRC7,0.0
TMEM108,0.001709383226689676
CA10,0.0
PWRN1,0.0
FMN1,0.0
NECAB1,0.0
MMP16,0.0
L3MBTL4,-0.04062495884114109
PHLPP1,0.0
FOXP2,0.0
RYR3,0.0
GRIA1,0.0
GPM6A,0.0
CUX2,0.0
CACNB2,0.3738507235598987
RPS6KA2,0.0
PDZRN4,0.0
NAV3,0.0
PARD3,0.0
CALN1,0.07982876088331935
GRM3,0.0
CNTNAP4,0.0
DMD,0.0
CACNA1C,0.0
PRKCA,0.0
LINC01122,0.0
AC073091.3,0.0
SV2B,0.0
ANO4,0.0
TRHDE,0.0
PCDH15,0.0
NFIB,-1.173354813047682
DTNA,0.0
UNC5C,0.0
MAML2,0.0
CACNA2D1,-0.32034958370407085
KCNB2,0.0
SNHG14,0.0
HECW1,0.0
POU6F2,0.0
FLRT2,0.0
ADAMTS9-AS2,0.0
SORBS2,0.0
MT-CYB,0.0
SLC44A5,0.0
GALNT13,0.0
CADPS,0.0
MACROD2,0.0
KCNH1,0.0
PLCG2,0.0
AL589740.1,-0.4168765082858102
AC107223.1,0.0
PDE10A,0.0
GALNT17,0.0
OXR1,0.0
THSD7A,0.0
SHISA9,0.0
WWOX,-3.5449890975775418
RAPGEF5,29.305973821765345
MCTP1,0.0
CDH9,0.0
MYT1L,0.0
DCLK1,0.0
SLC1A2,0.0
KCNQ3,0.0
ZFPM2,0.0
PEX5L,0.0
CHSY3,0.0
PTPRM,-0.4558635768886181
PITPNC1,0.0
RNF220,0.0
MBP,0.0
ELMO1,0.0
CELF2,0.0
XKR4,0.0
NELL1,0.0
SLC35F3,0.0
ERC2,0.0
SLC35F1,0.0
ZNF385B,0.0
PLCL1,1.0472214730674345
ALCAM,-0.14485766074321757
NCKAP5,0.0
KCNC2,0.2623016101446461
KHDRBS3,0.0
FRMD5,0.0
TENM3,0.0
SGCD,0.0
TRPM3,0.0
PLCB1,0.0
AL008633.1,0.0
SLC1A3,0.26516327779818166
GABRG3,0.08408641690712872
CSMD3,0.0
FRMD4A,0.0
NTM,0.0
RORB,0.0
DPYD,-1.7405315444260623
KALRN,0.0
NFIA,0.0
EFNA5,0.0
RGS7,0.0
PDE1C,11.890930228614115
ASTN2,0.0
LRFN5,0.0
PLP1,0.0
SPOCK1,0.0
AGBL4,0.0
SDK1,0.0
PIP4K2A,-0.28547858141229304
MT-ND4,0.0
SOX2-OT,0.0
FBXL7,0.0
RIMS2,0.0
PDE4D,0.0
SLC24A2,0.0
NLGN1,0.0
INPP4B,0.0
SLIT2,0.0
DPP6,0.0
MTUS2,0.0
MT-CO1,0.0
ADGRL2,0.0
SOX6,0.0
FAM155A,0.0
EDIL3,3.052625276041263
PCDH9,0.0
ZNF804A,0.0
PHACTR1,-9.849911148494819
SYNPR,0.0
ST18,0.0
MDGA2,0.0
TOX,0.0
OLFM3,0.0
ARPP21,0.0
STXBP5L,0.0
FGF12,0.0
MARCH1,0.0
GPC6,0.5475279550352415
NELL2,0.0
PLXDC2,0.0
GRIN2A,0.0
MEG3,0.2769546553048644
AC092691.1,0.0
NRG3,0.0
FSTL4,0.0
CCSER1,0.0
IL1RAPL2,0.0
DOCK10,0.0
CNTN4,0.0
SORCS1,0.15610813091463124
GRM5,0.0
FRMPD4,0.0
KCTD16,0.0
CDH20,0.0
FSTL5,0.0
NEGR1,0.0
TMEM132D,0.0
CACNA2D3,0.0
MT-ATP6,0.0
MT-ND3,0.0
IL1RAPL1,0.0
RORA,0.0892275021944324
CADPS2,0.0
LSAMP,0.0
TMTC2,0.0
CLSTN2,0.0
NCAM2,8.272162069814167
CBLN2,0.0
CDH18,0.0
KCNH7,0.0
GRM7,0.0
LRRC4C,0.0
AL117329.1,0.0
KCND2,0.0
CDH13,0.0
ST6GALNAC5,0.0
PCDH7,0.0
MT-CO2,0.0
MGAT4C,0.0
GRIA4,0.0
SLC8A1,0.0
DLGAP1,0.0
RBMS3,0.0
RYR2,0.0
FGF14,0.0
PTPRD,0.0
AC109466.1,0.0
MT-CO3,0.0
NRXN3,0.0
GPC5,0.0
NRXN1,0.0
UNC5D,0.0
CNTNAP5,0.0
GRIK2,0.0
CTNNA3,0.0
DLGAP2,0.0
KHDRBS2,0.0
ASIC2,0.0
SYN3,0.0
PRKG1,0.0
AC013287.1,0.0
ATRNL1,0.0
CTNNA2,0.0
ZNF536,0.0
AC011287.1,0.0
KIRREL3,0.0
SOX5,0.0
CHRM3,0.0
PTPRK,0.0
LDB2,0.0
ZBTB20,0.0
PDE1A,0.0
DAB1,0.0
KCNMB2,0.0
TENM2,0.0
DGKB,0.0
SPOCK3,-1.0609176325884753
DSCAM,0.0
TAFA2,0.0
TSHZ2,0.0
LRP1B,0.0
SNTG1,0.0
PTPRT,0.0
PDZD2,-17.02728744833068
ROBO1,0.0
NKAIN2,0.0
EPHA6,0.0
TAFA1,0.0
PDE4B,0.0
KAZN,0.0
KIAA1217,0.0
ZNF385D,0.0
OPCML,0.0
RGS6,0.0
QKI,-0.46814556922606776
GRIP1,0.0
NPAS3,0.0
SYT1,0.0
LINGO2,0.0
KCNQ5,0.0
NXPH1,0.0
GRID2,0.0
GRIK1,0.0
CNTNAP2,0.0
NRG1,0.0
GALNTL6,0.0
CSMD1,0.0
CDH12,0.7587665708425415
DCC,0.0
XIST,-0.3828887654803752
LRRTM4,0.0
NEAT1,0.0
HS6ST3,0.43619804728361156
RBFOX1,0.0
IQCJ-SCHIP1,0.0
SGCZ,0.0
CNTN5,0.0
RALYL,0.0
DPP10,0.0
ADARB2,0.0
ROBO2,0.0
KCNIP4,0.0
ERBB4,0.0
