Feature_Name,Weight
RSRC1,-0.3542071731573285
RNGTT,0.0
LIMS1,0.0
MAPK1,0.0
KIZ,0.0
SACS,0.0
RNF180,0.0
TRA2A,-9.01709536297128
MRPS30-DT,0.0
RAB3IP,0.0
LARP1,1.8134921041815804
NSD3,0.0
PHTF2,0.0
PELI2,0.0
ANAPC10,0.0
TOM1L2,3.0560037070646877
SERGEF,0.0
MPHOSPH8,0.0
LRRC3B,0.0
TANC1,-4.760195094400771
CSNK1A1,0.0
LINC02822,0.0
RAPH1,0.0
RPAP2,0.0
NFIC,2.5128028600582333
PCM1,0.0
GSE1,3.9390783814595856
SHPRH,0.0
RAB6A,0.0
MOG,0.0
PTN,0.0
NPTX1,0.0
MICU2,0.0
ZNF827,0.0
RAB11FIP3,0.8865322327475768
UBE2K,0.0
USP33,0.0
ARHGAP12,0.0
CXCL14,0.0
PDGFD,0.0
USP24,0.0
SYT11,0.0
DMXL1,0.0
LINC01138,0.0
SAT1,0.0
PPP1R21,0.0
PLPPR4,0.0
LINC00320,0.0
RABEP1,1.1626443931056407
ERCC6L2,0.0
CREG2,0.0
ATP13A4,0.0
SH3BGRL,0.0
TECPR2,0.6722844109049712
FAF1,1.915387866845024
NUTM2A-AS1,0.0
AATK,1.0488969487048025
PPP4R4,0.0
NAP1L1,0.0
MIB1,0.0
HNRNPDL,0.0
VPS53,0.0
RANBP9,0.0
PRRC2C,0.0
NRF1,0.0
SRRM2,0.0
SLC4A7,0.0
CNOT2,0.0
MARCH6,-0.8452851613448515
AJAP1,0.8936468696268546
MARK3,0.0
HNRNPA2B1,0.0
HP1BP3,0.07754907668067196
SMURF1,0.0
ATXN2,0.0
CYFIP2,0.0
AL445623.2,0.0
DOP1A,0.0
ESYT2,0.0
NUBPL,-0.5847841734269575
UBE2H,0.0
AC110614.1,0.0
SMAP2,0.0
SLC23A2,0.0
CYFIP1,0.0
CCDC92,0.0
MED27,0.0
ATF7IP,0.0
LINC01170,0.0
PPP6R2,0.0
SPHKAP,0.0
ABL1,-13.846185380025894
AF165147.1,0.0
AHCYL1,0.0
TMEM178A,0.0
PPHLN1,0.0
RPL37A,0.0
CTNND1,0.0
ATL1,0.0
USP15,0.0
GRB10,0.0
TRIP12,0.0
KMT2E,0.0
RALGPS2,0.0
BIRC6,0.0
ANO10,0.0
HSPH1,0.2261983118182697
CCSER2,0.0
VRK2,0.0
STAT4,0.0
LUC7L3,0.0
TRIM44,-0.2328145246824316
RNF115,0.0
MTMR7,0.0
GLG1,0.0
RAB28,0.0
GNB1,2.2749312720784216
RSRP1,0.0
PRKAR1B,0.1808218850038756
UBE2D3,0.0
SNTB2,0.0
SETD5,0.0
PEG3,0.0
PDE4DIP,0.25018123517941654
HTRA1,0.0
UNC13A,0.3914034928415173
SLC24A4,0.0
ST7,0.0
CYTH1,0.0
OLA1,0.0
LMTK2,0.0
GABRA4,0.0
AGO3,1.6004489786135578
STRN3,0.0
AC006504.5,0.0
ARIH1,0.0
CFAP161,0.0
PIK3CA,0.0
ARHGEF28,0.0
CASTOR3,3.302991608503425
MON2,0.0
PDGFC,0.0
CDC42SE2,0.0
KDM2A,-18.807605719562435
ITSN2,0.3589274989815427
ZRANB3,0.0
SPIN1,0.0
SARAF,0.0
LMBRD1,0.0
CEP350,0.0
MTHFD2L,0.0
PSPC1,0.0
AP3B1,0.0
TAOK1,0.0
SNX9,0.0
RAB3GAP1,0.0
PDS5A,1.7329779040345277
SHROOM3,0.0
CEP170,0.0
TERF2IP,0.0
TRAF3,0.0
SECISBP2L,0.0
TMEM135,0.0
CAPZB,3.231253064748673
JPH4,0.0
GPI,0.0
TDRD3,0.0
CPLANE1,0.0
ZNF438,0.0
PPA2,0.0
CORO2B,0.0
SRSF11,0.0
PPP2R5C,0.0
RAB10,3.281098310233803
TRPC4,0.0
SPATS2,0.0
SENP6,0.0
MCPH1,0.0
SMAD3,0.5236143054922143
TMSB4X,0.0
ITCH,0.0
CNP,0.0
TULP4,0.0
PIBF1,0.0
ATRX,0.0
OGA,0.0
TNRC18,4.14238716773296
PAG1,0.0
ZNF148,0.0
GATAD2B,-3.6576450586104166
DMXL2,0.0
EHMT1,0.523262431694947
PKN2,0.0
PPP6R3,0.0
ARID4B,0.0
KLHL4,0.0
ZNF518A,0.0
PPP1R13B,-12.963197614516075
CERCAM,0.0
NDFIP1,0.0
FAM222B,-19.905094597623567
AUH,0.0
MICU3,0.0
PTPRA,0.0
TRPC5,0.02101751837336486
DNMT3A,0.55926921795482
BRWD1,0.0
MOSMO,0.0
KCNN3,0.0
CDK13,0.0
CACHD1,0.0
XPO1,1.7594581029336003
UBR3,0.0
KIDINS220,0.0
BIN1,2.365484645577137
RBM6,0.0
WAC,0.0
MIR4300HG,0.0
SPPL3,0.0
AFF2,0.0
CAPS2,0.0
FAM13B,0.0
CD47,0.0
NCK2,1.0819556608362202
LARP1B,0.04608612783260574
ARID2,0.0
MERTK,0.14893933134262227
CDK17,0.0
KMT2A,0.0
BTRC,0.0
UBE2R2,1.8377940682129223
SEMA3A,0.0
FBXL2,0.0
CLIP4,0.0
GPR155,0.0
EEPD1,0.0
VPS8,0.0
TMEM163,0.0
ZNF91,3.9296285387508525
RUFY3,0.0
ADD1,0.0
STAMBPL1,0.0
ZNF652,0.0
SESTD1,0.0
AC008591.1,0.0
VPS41,0.0
EVA1C,0.0
MTERF1,0.0
REPS1,0.0
RABGAP1,0.0
BCL11B,0.0
ARID1B,0.0
ACSL3,0.0
POGZ,0.0
CBFA2T2,0.0
PSME4,0.0
MTRNR2L12,0.0
ZNF721,0.0
SPAG9,0.0
CERS4,1.2533008610602592
ROR1,0.0
USP47,0.0
AC110296.1,-0.0756833943953404
CALM3,0.0
ACBD6,0.0
DICER1,0.0
MLLT10,0.0
EFR3B,0.0
SRCIN1,3.1349407178367357
RAD9A,3.1982074469651587
KIAA1109,0.0
ZNF532,0.0
NKTR,0.0
RAP1A,0.0
ATP10B,0.0
ATE1,0.0
EML5,-0.23544890574173816
ULK4,0.0
SEC14L5,0.0
NT5C2,0.0
UBAC2,0.0
NEXMIF,0.0
PCNX1,0.0
DGKD,0.0
UBE4B,0.0
TENT2,0.0
CHD6,0.0
ZMYM2,0.0
GTF2IRD1,4.534060633637363
SREBF2,0.0
ARHGAP35,0.024407037960385854
RALGAPA1,0.0
PTEN,0.0
WDR70,0.0
ATXN10,0.0
WNK1,0.0
NPTN,0.0
ALOX12-AS1,0.0
ZNF644,0.0
ATP11A,0.0
RBM26,-3.0244631366490973
UBR5,0.0
CDKL1,0.0
AMER2,0.0
TTC17,0.0
RNF24,0.0
FAM49A,0.0
ZNF248,0.0
CAMSAP2,0.0
KHDRBS2-OT,0.0
CNR1,0.0
IQGAP1,0.0
CHPT1,0.0
NEK1,0.0
SPATA13,0.0
ZFYVE9,0.0
PIEZO2,0.0
LIPA,0.0
AC079352.1,0.0
AC079447.1,0.5361603052880799
GNG2,0.0
SKAP2,0.0
JMJD1C,-52.933826089048125
PPP3R1,0.0
DENND5A,0.34036154292636805
PPM1B,0.0
CLSTN1,0.0
TTC7B,0.0
MITF,0.49595282130339974
COL21A1,0.0
RHBDL3,0.0
LINC00276,0.0
ATP9A,0.0
GRAMD1B,0.0
SLCO1A2,0.0
ZNF638,0.0
GSN,2.0522463833738898
AC012494.1,0.0
TAB2,0.04314970542212625
NRG2,0.23026052728771515
MEGF9,0.0
NETO2,0.0
LINC00894,0.0
LHFPL2,-2.981348761313952
KIF1B,0.0
VPS13C,0.0
NDFIP2,0.0
USP32,0.0
TNPO1,0.0
STX8,2.5669342927468706
ATG4C,0.0
RFFL,0.0
NRIP1,0.0
GSK3B,0.0
WNK2,0.0
TPD52,0.0
CHCHD3,0.0
AKAP9,0.0
LINC01197,0.0
GALNT2,0.0
DYRK1A,0.0
GOLGA4,0.0
LINC01331,0.0
TBC1D4,0.0
METTL15,-0.26370037805736785
SEMA4D,-0.39912376704931374
RPRD2,-17.55494046506838
CLASP1,0.0
LINC00513,0.0
RFX7,0.0
COMMD1,3.7188706465318613
AKT3,0.0
SLC38A11,0.0
MGAT4A,0.0
HMBOX1,0.0
KIAA0930,0.0
HECTD4,0.0
ABCA2,0.0
TRPC1,0.0
CLDN11,0.0
FBXO11,-12.845357026618883
BICRAL,0.0
KCNN2,0.0
RGS7BP,1.5920652523904566
TTBK2,0.0
PDE5A,0.0
KDM4C,0.0
ANKRD11,-23.78332678896557
CCDC18-AS1,0.0
EPB41L4B,0.0
TUT4,0.0
RBMS1,0.0
FTO,11.225076301443696
CTIF,0.19950133067821668
CCDC30,0.0
ATM,0.0
BAALC,0.0
BRAF,0.0
RFX4,0.0
AC118549.1,0.0
AC008574.1,0.0
CELF1,0.9321662170968994
DYM,0.0
MIR29B2CHG,0.0
PHKB,15.633229581892545
YWHAZ,0.0
SYNPO2,0.0
RHOBTB3,0.0
MAP4K3,0.0
ZNF462,0.0
WDFY3,0.0
ZNF280D,0.0
RB1,0.0
KIF21A,0.0
LUC7L2,0.0
RICTOR,-0.766747874942531
CXXC4-AS1,-0.5735065491833765
CEP85L,0.0
NUMB,0.07124826471848345
CLIP1,3.157064463114129
AL033504.1,1.3085421858203583
ANKRD33B,1.4805203320340221
ADD2,0.0
MBD5,0.0
VPS13B,0.0
COL11A1,0.0
NIPBL,0.0
NT5DC1,0.0
C11orf49,0.0
PKD2,0.0
SLC16A7,0.0
LMO7,0.0
TMEM241,0.0
RAB11A,0.0
KLHL2,0.0
CASK,0.0
FBXL20,4.342416540887434
PSEN1,0.0
HHIP,-0.6337131385587814
CASC4,0.0
PNISR,0.0
ZNF292,0.031008973162758184
HTR2C,0.0
U91319.1,0.0
ATP2C1,0.0
UGT8,0.0
RIPOR2,0.0
ACER3,0.0
BMPR1A,0.0
ADAMTSL3,0.0
ANKRD17,0.0
LDLRAD3,0.6132705675399341
FNBP1L,0.0
FBN1,0.0
ZDHHC21,0.0
TBC1D32,0.0
LCOR,0.0
SLC25A13,0.0
AC013652.1,0.0
SLC8A3,0.0
SH3PXD2A,0.2186680098166069
TRAK1,0.0
FAM171B,0.0
FAM135A,0.0
SILC1,0.0
AC007364.1,-1.316952090713118
GRAMD2B,0.0
GLUL,0.0
BPTF,1.508148510577219
LONRF2,0.0
DNAH7,0.0
CCDC7,0.0
RUNX2,0.0
PLEKHA6,0.0679112401142024
PSAP,0.0
LRRC28,-0.3027243930661635
ASCC3,0.0
DPF3,0.14760370442787465
INSR,4.656308551480345
LRCH1,0.0
KANSL1,0.0
LINC00499,0.0
LRIG1,0.0
ST3GAL3,0.0
CHKA,0.0
GAPDH,-0.2983957789867163
KIFAP3,-0.09571558764511698
SPTAN1,0.0
GPHN,0.0
UVRAG,0.0
ARHGEF7,0.0
SLC12A2,0.0
SHROOM4,0.0
NUAK1,0.0
AC007389.1,0.0
NF1,0.0
SRPK2,0.9910835279789452
DKK3,0.0
TUSC3,0.0
RPS6KA3,0.0
SMAP1,0.0
SPTBN1,0.0
CPEB2,0.0
C20orf194,0.0
SLC4A8,0.0
FAM168A,0.6673233578974911
RXFP1,0.0
BMPR1B,0.0
MXI1,0.0
SPIRE1,0.0
ITM2B,0.0
MAP3K13,-15.482320054098365
TNRC6C,0.0
ACAP2,0.0
ZFAND3,0.0
RASSF8,0.0
ABI1,0.0
RDX,0.0
UBE3D,0.0
CDK8,0.0
OSBPL9,0.0
CLDND1,0.0
MAP4,2.732861840724756
ENAH,0.0
STS,0.0
RASA2,0.0
KIF13B,0.0
ZNF483,0.0
ELP4,0.0
PPP2R2A,0.0
COBLL1,0.0
MPP6,0.0
LRRC8D,0.0
AC079781.5,0.0
ADAM10,0.0
C11orf80,0.0
PREPL,0.0
ITPKB,0.0
NCKAP1,0.0
CCND3,0.0
MRTFA,0.0
ARHGEF3,0.0
STMN2,0.0
DLGAP4,-10.084784221047462
MAP2K4,0.0
AC046134.2,0.0
BNIP3L,0.0
ABI2,0.0
TTLL11,0.0
TPK1,-0.44602504714985786
PVT1,0.0
ARHGAP22,0.0
VAMP2,0.0
SEM1,0.0
RABGEF1,1.206325095961763
OSBPL10,0.0
CHD9,2.2714868723860073
PLPP1,0.0
CTBP2,0.0
GALNT7,0.0
FNDC3B,0.0
CLASP2,-0.7985853594025536
KMT2C,0.0
RUNX1,0.0
INPP4A,0.0
ANKRD36C,0.0
LINC01811,0.0
KIF16B,0.0
SIPA1L3,3.375389267133918
TSBP1-AS1,0.0
ATP9B,0.0
WDR7,-0.8733627881813791
PTMA,0.0
DYNC2H1,0.0
CKB,0.0
SOS1,0.0
MTA3,0.0
AFDN,0.0
TNKS,0.0
PAN3,0.0
ANKRD36,0.0
NECTIN3,0.0
STX18-AS1,0.0
CDC42BPA,-1.5222135595888215
CCPG1,0.0
PCGF5,0.0
CLIP2,1.4014038855303088
ARGLU1,0.0
PIAS1,0.0
PRH1,0.0
CLVS2,2.660659014078711
ZFYVE16,0.0
KIAA1324L,0.0
MAP2K5,0.0
COLGALT2,0.0
VCAN,0.0
FNIP2,0.0
HS2ST1,0.0
CLEC16A,0.0
ZFHX4,0.0
PLD1,0.0
UBE2E3,-1.6058392019268506
AC009899.1,0.0
LRRFIP2,0.0
LINC01505,0.14578573025885172
FNIP1,0.0
PTPRS,3.7645041928766654
DOCK7,0.0
ANKRD26,0.0
COG5,0.0
TBCK,0.0
ADIPOR2,-12.944745617208048
RALGPS1,0.0
MYO9A,0.0
MGLL,1.6303590333166222
UBE3A,0.0
PHF14,0.0
RNLS,0.0
DPY19L1,0.0
PRNP,0.0
FAM172A,-0.23663403219646556
COL26A1,2.1904092201536898
LYST,0.0
KCNK1,0.688926952047375
PCBP1-AS1,0.0
EPB41,0.0
VPS13D,0.0
CEMIP,1.5389328439844419
RYBP,1.4098415040290027
OBI1-AS1,0.0
RNF13,-0.09213660594917104
ABCA5,0.0
ARHGEF4,0.0
TACC1,0.0
COP1,0.0
LINC01184,0.0
SLC20A2,-6.028245899414925
RALGAPA2,0.0
AC069228.1,0.0
TTC3,0.0
AMMECR1,0.0
CDKAL1,0.0
TMCC1,0.0
ZSWIM5,0.0
CCDC171,0.0
ICA1,0.0
SSBP3,1.2354846273997968
LINC00923,0.0
HERC4,0.0
PALLD,0.0
TSHZ3,-17.384655912303348
CNNM2,0.0
EFCAB2,0.0
NR2F2-AS1,0.0
GPATCH8,0.0
DST,0.0
STK3,0.0
ABHD2,-1.1376653159257906
EVL,0.0
MCC,0.5248512070367429
DENND4A,0.0
BCKDHB,0.0
JAK2,0.0
PLEKHA1,0.0
VGLL4,0.0
INVS,-0.2803627805696351
AC009041.2,0.0
ZNF365,0.0
HDAC4,1.4178857656158548
CHD7,-1.3401974828346124
SESN3,0.0
WDFY2,0.0
DDX17,0.0
C2CD5,0.0
JARID2,0.0
SCFD2,0.0
PPP1R12B,0.0
KAT6B,0.0
ITSN1,0.0
SCAPER,0.0
MYCBP2,0.0
AC027288.3,0.0
POU2F1,0.0
APBA2,0.0
DPH6,0.0
SCLT1,0.0
ZDHHC20,0.0
SERINC5,0.0
ATXN7L1,0.9704980122341453
WWP1,0.0
CEP126,0.0
SIDT1,0.0
CYP1B1-AS1,0.0
ADRA1A,0.0
JPX,0.0
PEBP1,0.0
TBC1D22A,0.010792235475875355
EXOC4,5.22661988259324
R3HDM2,-20.580966612313805
SND1,0.0
FOXO1,0.0
DENND1A,0.0
AC073332.1,0.0
ENSA,1.9581879358702716
MARK1,0.0
PLCB4,0.0
ACACA,0.0
TAPT1-AS1,0.0
MED13L,0.0
ANKRD12,1.3997642695834158
SORCS2,1.844969972951142
HDAC8,0.0
CDR2,0.1912718901152324
SUSD4,0.0
AF117829.1,0.0
PCCA,0.0
SLC16A1-AS1,1.9985223456514483
ARL17B,0.0
AAK1,0.0
MIR124-2HG,0.0
EEF1A1,0.0
EVI5,0.0
TRAPPC9,0.0
KIF9-AS1,-5.685331463644538
DIPK1A,0.0
MAPRE2,0.0
ST8SIA5,1.4732565591535567
ACTB,0.0
SH3KBP1,0.0
CPEB4,0.4726557078115809
KIAA0319,0.0
CAP2,0.0
ITFG1,0.0
KANSL1L,0.0
NBAS,0.0
PGBD5,0.0
FRRS1L,0.0
COL4A5,0.0
FAM107B,0.0
MTHFD1L,0.0
SGO1-AS1,0.0
SLC22A23,0.0
CAMK2G,0.0
ZNF407,-0.43997454133251646
FNDC3A,0.0
CDK6,0.0
SPATA6,0.0
TBL1XR1,0.0
LINC00486,0.0
CAMK2B,0.0
SPRED1,0.0
BMPR2,0.7398231809828298
AL139260.1,0.24833755121919138
SBF2,0.0
TBC1D5,0.7244946734721157
CRPPA,-0.7027988071704857
ANKS1A,0.0
GABRA1,0.0
JAM3,0.0
MYO5A,0.0
VWA8,0.0
TCF7L2,0.0
MAPT,2.000314411764382
ACTN1,0.0
CDH11,0.0
SIK2,0.0
LAMP2,0.0
FOXO3,0.14185302194895266
RAP1GDS1,0.0
STAU2,0.0
CPEB3,0.09559113657255115
MAPK8,0.0
ELAVL4,1.937952428438592
SESN1,-0.5608588470171415
SEMA6A,-1.822636468189155
LRBA,0.0
CRIM1,0.0
HLCS,1.539312700167633
REPS2,-0.9907717359528299
CHD2,0.0
FBXO34,0.0
ANKIB1,0.0
ATP1A2,0.0
RFTN1,0.0
TAOK3,1.2257381057329997
SDCCAG8,0.0
NHSL1,0.0
CABLES1,-2.1325649197352363
CENPP,0.0
MEGF10,0.0
TMEM14B,-15.26555854262696
GNAI1,0.0
AC093523.1,0.0
DPH6-DT,0.0
APBA1,0.6323919519850593
TLK1,0.0
MICU1,0.0
ME3,0.0
ICA1L,0.0
TRMT9B,-2.983906026554861
PPP1R12A,0.0
SCHLAP1,0.0
PTPN4,0.0
LANCL1,0.0
UGGT2,0.0
ARHGAP5,0.5448005283039113
LINC00342,0.0
MAN1C1,0.0
MYO6,0.0
AC008269.1,0.0
HERC1,0.0
AC016831.7,0.0
RBPJ,1.9823032261170574
LINC00599,0.0
SNX29,0.0
RGL1,0.0
CMIP,-5.467917648512048
RFTN2,0.0
BACH1,0.0
EPHB1,0.0
ANKRD34C-AS1,0.0
RSPO2,0.0
CLVS1,0.0
ANKRD28,0.0
ARMC9,0.5524307003887724
CACNG2,0.0
LRRC8B,0.0
PKN2-AS1,0.0
DPYSL2,0.0
AC092422.1,0.0
PHF21A,0.0
ANK2,0.0
FAM13C,0.0
ZMYND8,2.323147189097504
FAM171A1,0.0
ADCY1,0.0
CCNY,0.0
DAAM1,0.0
GLDN,0.0
DNAJC1,0.0
MYH10,0.0
WLS,0.0
MVB12B,0.0
EXOC6B,0.0
TESPA1,0.0
TARBP1,0.0
MIPOL1,0.0
ZNF609,-2.1099539940794116
DENND5B,0.26603471310498056
PACS1,1.5705117217763702
AGPAT4,0.21578157991031985
LNX1,0.0
KLHL5,0.0
FAM110B,0.0
NCOA7,0.0
TBC1D1,0.0
DIP2C,0.0
P2RX7,0.0
ARHGEF12,0.0
ATP6V1H,0.0
SGIP1,0.0
NPAS2,0.0
RERG,0.0
THSD7B,0.0
RUNDC3B,0.0
AC011346.1,0.1766915049173683
DDX5,0.0
COMMD10,0.0
DUBR,0.0
ZFYVE28,1.8521796557398342
OLFM1,0.0
STK39,-0.2798395569636502
WDR17,0.0
TRERF1,0.0
HS3ST2,-11.78197236043531
UCHL1,0.0
NFIX,0.2191319687288074
NFAT5,0.6966340385989953
LCORL,-2.2203782500508127
DLEU1,0.0
ANO5,-0.12962448571397547
FXYD6,0.0
NR6A1,0.0
SCMH1,0.0
STAG1,0.3327062119791722
EPS15,0.0
PDS5B,11.200052614468127
SGSM1,4.272462212910644
CELF5,2.8892454413550244
QDPR,0.0
NCOA1,0.0
EXOC6,0.0
SEMA5A,0.0
PI4KA,0.0
AC098829.1,-3.018406007122323
MAN1A2,0.0
PCSK5,0.7001726697198285
JAKMIP2,0.0
KDM6A,0.0
SLC39A10,0.0
EHBP1,-1.0474738861295836
ITGB8,-0.21708344585972003
PRKACB,0.0
ELF2,0.09268710479973832
CCDC88A,0.1203385210733292
PATJ,0.0
DAAM2,0.0
RASA1,0.0
RMST,0.0
TUBA1B,0.0
BMERB1,1.8745312978036694
RAB27B,0.0
ABLIM2,0.0
TTC39C,0.0
FAR2,0.0
NEK10,0.0
PTBP2,0.0
ROCK2,0.0
ITGA9,0.0
VTI1A,0.20366821761080373
DDAH1,0.0
HIBCH,1.1072151400155523
TPD52L1,0.0
KIF5C,0.0
GPR137C,0.0
LINC02389,0.0
TNRC6A,1.157483860346822
UMAD1,0.0
POLR2F,3.542169502298961
ENTPD1-AS1,0.0
HOMER1,0.0
IPCEF1,0.0
ANKH,2.5187110549422735
SNAP25-AS1,0.0
KIAA1328,0.0
ASXL3,0.0
GNG7,-3.073411446034424
LINC01278,0.0
PHACTR2,14.322320939629831
ASB3,0.0
SLC35F4,0.7813400267000127
GNAQ,-0.48003525593177726
TIAM2,0.0
MNAT1,0.0
AKAP13,0.0
APC,0.0
SAMD5,2.1798407593138385
MT-ND5,0.0
RTN3,0.9507699731561342
BMP2K,0.0
MPDZ,0.0
AC021613.1,0.0
ANK1,1.6822528636689356
ELAVL3,2.99601714455276
TAFA5,1.523317624442526
ARID5B,0.677490085188806
ZHX3,0.0
MAP4K3-DT,-0.38618819600693255
LRRFIP1,0.0
AGTPBP1,0.0
CAMTA1,0.0
PHIP,-1.8820054519675524
C1orf21,0.3003825408652023
PRKAR2B,-0.8343433534886178
ATG7,0.0
MACF1,1.5098657895400138
ZNRF3,0.0
RBFOX2,0.0
ZCCHC7,0.0
NALCN,0.600278645926798
PAK1,0.0
KIAA1958,0.0
BBX,0.0
ST8SIA1,0.0
LINC01821,0.0
BABAM2,0.0
GRIN3A,0.0
GAP43,0.0
MSC-AS1,0.0
AC106793.1,0.0
LIN7A,0.0
ADAMTS19,0.0
KCNIP4-IT1,-1.1025348621914337
OSBP2,-27.89267708729691
RABGAP1L,0.0
CRB1,0.0
NYAP2,0.0
WASF1,0.0
USP25,0.0
MBOAT2,0.0
RAPGEF6,0.0
DCAF6,0.0
NSMCE2,0.0
MOB3B,0.0
TSPAN7,0.0
SHC3,0.0
HSP90AB1,0.0
IQSEC1,1.1430994526910259
SEPTIN11,0.0
MCF2L2,0.0
JAK1,0.0
CDKL5,0.0
BICC1,0.0
PCSK6,0.014910075796807016
ADCY9,2.75942763451811
SFXN5,0.0
STRBP,0.0
CPQ,0.0
AOPEP,1.987129004707131
MALAT1,0.0
MAP4K5,0.0
SPP1,0.0
DTNB,0.0
NR3C1,0.0
PLCL2,0.0
IDS,0.0
HIF3A,0.0
GRIK3,1.9904407928603642
AFF1,0.0
TPST1,0.0
ZNF608,0.0
SPECC1,0.37927047997345936
LPAR1,0.0
LMO4,0.0
OSBPL1A,0.0
ATP2B4,0.0
PCDH11Y,0.0
TRIO,0.0
LINC02263,0.0
GPRC5B,0.38269930448142125
SLC25A12,0.0
DNAH6,0.0
IGSF21,0.0
AIG1,0.0
MIR2052HG,0.0
IGF1R,0.0
OSBPL8,0.0
ATXN1,0.0
AC124852.1,0.0
SCAI,0.0
AC087564.1,0.0
WSB1,0.0
SOBP,0.0
BCAS1,0.0
ASAP1,0.0
GNAO1,3.20538142245657
GLCCI1,0.0
ARHGAP44,0.0
UBASH3B,0.0
SRGAP2,0.0
RETREG1,0.0
RPS6KA5,0.0
CTTNBP2,0.0
GRIK4,0.0
SRGAP3,0.0
RPH3A,0.0
STOX2,0.0
KCNMB4,0.0
VPS13A,0.0
PPP1R16B,0.0
RNF130,0.0
UPP2,0.0
MKLN1,0.0
TFDP2,0.0
FER,0.0
DNM1,0.0
BCAS3,0.0
FAM49B,0.0
PLXNA2,0.9927504223606615
SLC5A4-AS1,-13.477119784818452
AL356295.1,0.0
GMDS,0.0
GMDS-DT,0.0
MPPED2,0.0
PANTR1,0.0
NAV1,0.0
LINC01608,0.0
PIP5K1B,0.0
ACYP2,0.0
SGK3,0.0
CDC14B,0.7143376640443838
NFASC,0.0
ADK,0.0
SRGAP1,0.0
SYNJ2,0.0
DOCK3,0.0
FTL,-0.6125205311664325
TEAD1,0.0
TSC22D1,0.0
BBS9,-0.5006903155023712
LINC00511,-2.391175889634864
LIFR,-1.7129960509741273
MICAL3,-10.425933097786706
PPP1R9A,0.0
LINC00461,0.0
GFOD1,0.0
KLHL29,1.4437136157292303
CCK,0.0
LPGAT1,0.0
OTUD7A,0.0
FGFR2,0.0
UTRN,0.0
CDHR3,0.0
WDPCP,0.0
RAP1GAP2,3.4525403564522468
SMARCA2,0.0
PREX1,0.0
MGAT5,0.0
ARHGAP21,0.0
TRAF3IP2-AS1,0.06500753292839868
SGMS1,0.0
ADAMTSL1,0.0
PTK2,0.0
DISC1,0.5623135243945632
ASPH,0.0
HIVEP2,0.0
NCAM1,0.0
CTDSPL,0.0
NIPAL2,0.0
NCOA2,0.0
PCNX2,0.0
SYBU,0.0
ABR,0.5325575729878441
LAMA2,0.0
PPM1H,0.0
SUMF1,0.0
CCDC144A,-24.67935187586489
ARFGEF3,0.0
BICD1,0.0
LRRK1,0.0
CPNE8,0.0
CMSS1,0.0
NOS1AP,-1.4889186859123082
ADAM22,0.0
FARS2,0.0
CCDC91,-0.49482625766584637
APP,0.0
PEAK1,0.0
HMGB1,1.7650337037028818
NOL4,0.0
EPHA7,20.626904850261838
HDAC2-AS2,0.0
CAMKMT,0.0
SYT14,0.0
AC091078.1,0.0
RELN,0.0
BCL11A,0.0
MIR100HG,0.0
GAS7,0.0
RNF144A,-1.2073345688834236
GRIN1,0.0
OSBPL3,0.0
AP001347.1,0.0
SCN3A,0.0
RANBP17,0.0
ST6GAL1,-21.55940955473257
NWD2,0.0
SNED1,0.0
GABRG2,0.0
MAPK4,0.0
SRRM3,3.9483871237918735
AKAP6,0.0
CALM2,0.0
KAT2B,0.0
FGD4,0.0
OSBPL6,0.0
TMEM161B-AS1,0.02815816886223467
STXBP5,0.0
GABRA2,0.0
GAD2,0.0
LINC00609,0.9624240139454203
TTN-AS1,0.0
POT1-AS1,0.0
PIK3R1,0.0
SPIDR,0.0
USP54,0.0
KCNQ1OT1,-4.501021652113234
LINC00299,0.0
PARP8,0.0
RNF150,0.0
GHR,0.0
EPN2,0.273196859692307
PAK5,0.0
AC024901.1,0.0
HPSE2,0.0
AUTS2,0.0
CDH4,0.0
SSH2,0.0
FYN,0.0
CEP112,0.0
KIAA0825,0.0
PHYHIPL,0.0
AL445250.1,0.0
NIN,0.0
MICAL2,0.8954493888294415
SERPINI1,0.0
RTN4,0.0
RPS6KC1,0.0
LINC02232,0.0
ADD3,0.0
ENC1,0.0
GLS,0.0
PTK2B,0.0
AC132803.1,0.0
CSRNP3,0.0
RIMBP2,2.774473525620693
IGSF11,0.0
TRMT11,0.0
AJ009632.2,0.0
ELL2,0.0
DCLK2,0.0
FNBP1,1.114101038200261
DLX6-AS1,0.0
SPATS2L,0.0
NEO1,0.0
ASTN1,0.0
DGCR9,0.0
PARD3B,0.0
TCF4,0.0
CAMK2N1,0.0
ZHX2,-2.47167271598783
ADCY8,0.0
ANKRD44,3.654884078097156
GAD1,0.0
GREB1L,0.0
MIR646HG,0.0
KCNB1,1.075134153559043
FBXL17,-0.7297825502056371
LRFN2,0.0
KCNJ6,1.6494047974698531
PLPPR1,0.0
SORL1,0.0
STXBP1,1.355924853061192
GTDC1,-0.508215218422242
PLEKHH1,0.0
ELAVL2,0.0
MBNL1,0.0
PRICKLE2,0.4320654765653748
NHS,0.0
ZBTB16,0.0
AHI1,0.0
GNAS,0.0
BAZ2B,0.0
EPHA3,0.0
SLC4A4,0.0
DOCK9,0.0
AC098588.3,0.0
JAZF1,0.0
PREX2,0.0
SSBP2,0.0
ADAMTS17,0.0
ETV6,0.0
NLGN4X,0.0
DANT2,0.0
REV3L,0.0
SLIT1,0.0
TJP1,0.0
ATP1B1,0.0
DLG2,0.0
ZNF704,0.0
PPFIBP1,0.0
PLCH1,0.0
SCN8A,0.0
PICALM,0.0
ANO3,0.0
PLCXD3,0.0
FAM189A1,2.0387032722977247
AC233296.1,0.0
FARP1,0.4403471871786597
PTPN13,0.0
HULC,0.0
PPP2R2C,-8.430808076333916
GDAP1,0.0
ERC1,0.9405760581602987
GARNL3,0.0
GRID1,0.0
ENPP2,0.0
CACNG3,-4.233986604272962
SPTBN4,-18.770768584658892
SUPT3H,0.0
AHCYL2,0.0
TRIM9,0.0
TRIM2,0.0
FHOD3,0.0
BRINP2,0.0
DIRC3,0.0
SORT1,-0.29127883088313783
GULP1,0.0
OPHN1,0.0
PTPRJ,0.0
HTR1E,0.0
RAD51B,0.0
FAM153CP,0.0
TMEM117,0.0
HECW2,0.0
ZFHX3,0.0
CDH2,0.0
PCDH9-AS2,0.0
MEF2A,0.0
GAREM1,0.0
PRKN,0.0
PKP4,0.0
LINC01473,0.0
SH3D19,0.0
SYT16,0.0
CUX1,1.3422042992053764
SNAP91,0.0
SYNDIG1,2.5452539971036674
NRGN,0.0
HIPK2,0.5842761692663282
SNCA,0.0
DNAJC6,0.0
CPE,0.0
TLN2,0.0
TLE4,-0.3444539797092207
RARB,0.0
PHACTR3,0.9141456708347725
BASP1,0.0
PDE3B,0.0
GRK3,0.0
AC110023.1,0.0
CERS6,0.0
ATP8A1,0.0
UNC80,-0.0650619291432004
AC067956.1,0.0
MAGI1,0.0
CRADD,0.0
HSP90AA1,0.0
HIP1,-1.5129937751134077
FBXW7,0.0
UTY,0.0
SHANK2,0.7249929276233009
AC068587.4,0.0
RIN2,0.18602270107458935
MTUS1,0.0
LMO3,2.4392990150984803
PXK,0.8086088552996665
PRICKLE1,0.14884224752147757
NMNAT2,0.0
EPB41L3,0.0
FUT8,0.0
BACH2,0.0
AC093607.1,0.0
CSMD2,0.0
TENM1,0.0
AEBP2,0.0
PTPRE,0.0
SLAIN1,0.0
VWC2L,0.0
CIT,0.0
CCDC3,0.0
GNAL,0.0
CLU,0.0
MIR181A1HG,-7.271677305177962
KANK1,0.0
MAP4K4,0.0
RIT2,0.0
AC034268.2,0.0
ATP2B2,0.0
HS3ST5,0.0
BRINP1,0.0
UBE2E2,0.0
FIGN,0.0
ARHGAP32,0.0
TSPAN5,0.0
SCN1A-AS1,0.0
FAM13A,0.0
TTC28,0.0
ZDHHC14,0.0
AC120193.1,0.0
SHISA6,0.0
MLLT3,0.0
TMTC1,0.0
SAMD4A,-20.317842429325708
SEPTIN7,0.0
MAN1A1,0.0
PPM1L,0.0
PACRG,0.0
KCNH8,0.0
MAGI2,0.0
SCN2A,0.0
PKNOX2,1.1072650089932763
TF,1.5725216226965062
CLMN,0.0
ARNT2,0.0
AC008571.2,0.0
FAM135B,0.0
GAB2,0.46642403787726633
LINC01414,0.0
RTN1,0.0
EGFR,0.0
MAGI3,0.0
CAMK4,0.0
SYNE1,0.0
KCNMB2-AS1,0.0
DAPK1,0.0
MOBP,0.0
UNC79,0.0
FRY,0.0
RAPGEF2,0.0
SPAG16,-0.2144492244506372
RUNX1T1,0.0
MYO1D,0.0
AC002460.2,0.0
DLEU2,0.08238345569457008
CDK19,0.0
HIVEP3,0.17883331183002926
VWC2,0.0
FOCAD,-0.9803214790030591
NOVA1,-1.017169727308709
DOCK1,0.0
PRKCE,0.0
APBB2,0.0
CALM1,0.0
SAMD12,0.0
AMPH,0.0
ZEB1,0.0
AC011246.1,0.0
ADAM23,0.0
UBA6-AS1,0.0
GPR158,0.0
NAV2,0.0
FUT9,0.0
HSPA12A,0.0
CREB5,-5.876620438235563
NR2F1-AS1,-1.1605884690017751
DIP2B,1.892116982557807
PRKAG2,0.9832648171299542
KCNH5,0.0
SIK3,0.8913615101318074
MBNL2,0.0
STARD13,0.0
LIMCH1,1.6961624872778824
PPM1E,0.0
LINC00882,-0.08783151319208025
AGAP1,0.0
BCL2,0.0
RFX3,0.0
ALK,0.0
FOXP1,0.0
CACNA1D,0.0
NR3C2,0.0
MTSS1,0.0
TANC2,0.0
CABP1,0.0
MED12L,0.0
PRR16,0.0
AL391840.1,0.0
SCD5,0.0
BTBD9,0.07609287037204233
FMNL2,0.0
PTPRR,0.0
SLCO3A1,0.0
LINC01725,0.0
CTNND2,0.0
STXBP6,6.093033737427037
NEDD4L,0.0
MAP1B,0.0
PAK3,0.0
FRYL,0.0
FRAS1,0.0
PSD3,-0.05758847368138014
SRRM4,0.05631076649284268
DNM3,0.0
PRKD1,0.0
SASH1,0.27775914933703466
GUCY1A2,0.0
DYNC1I1,0.0
MEF2C-AS1,0.0
SIPA1L1,0.0
MAML3,0.0
EPHA5,0.0
BASP1-AS1,1.5945383386648688
PBX1,0.0
EPHA4,-0.22343089586367543
SATB1-AS1,0.0
DLG1,0.0
MAST4,0.0
BMPER,0.0
AC025159.1,0.0
TMEM165,0.0
LMCD1-AS1,0.0
GRIA2,0.0
XKR6,-0.04364318905989141
SH3RF3,0.04657538339748213
RASAL2,0.0
FCHSD2,0.0
ADGRB3,0.0
VSNL1,0.0
NLK,0.0
AC073365.1,0.0
COBL,0.0
RAB3C,0.024630648203970554
KLHL32,0.0
FOXN3,0.0
CDK14,-0.32793345393663403
ANKRD30BL,0.0
KLF12,0.0
MIAT,0.0
CADM2,0.0
RAPGEF4,0.0
CAMK2D,0.0
LARGE1,5.595177866133709
FMN2,-0.3790052962307403
KIF26B,0.0
AL157944.1,0.0
DOK6,0.0
IMMP2L,0.0
MAPK10,-0.3832258704236936
KIAA1549L,0.0
MAP7,0.0
SLC2A13,0.0
XYLT1,2.6243988128753157
EML6,0.0
KIF13A,-0.7944841552600399
NBEA,25.736137776546897
KSR2,0.0
CHL1,0.0
TTLL7,0.0
ZSWIM6,0.0
KCTD1,0.0
LINC00632,0.0
AL513166.1,0.0
PID1,0.0
BTBD11,1.355039820416698
GALNT18,0.0
NDST3,-0.12019711300449164
SMYD3,0.0
DIAPH2,0.0
KIAA1211,0.0
DNER,0.0
ITPR1,0.0
LINC02306,0.0
CADM1,16.541407639262676
KCND3,2.0878794468276247
USP9Y,0.0
SLC7A14-AS1,0.0
NTNG1,0.0
C10orf90,0.0
CAMK2A,0.0
NAALADL2,0.0
C8orf34,0.0
ARHGAP24,0.0
GRM8,0.0
PDE7B,0.0
SLC39A11,0.0
NTRK2,0.7589645049791321
SFMBT2,0.0
EXT1,0.0
PDE8A,0.0
ARL15,0.0
CACNA1E,0.0
SCN1A,0.0
SETBP1,0.0
RCAN2,0.0
SH3GL3,0.0
TMEM232,0.0
ATP2B1,0.0
TMEM132C,0.764403320411612
SLC24A3,1.0053292182745246
TNIK,0.0
EPB41L2,0.0
NETO1,0.0
CARMIL1,-1.4686407167714683
PPFIA2,-0.9613966917466652
PAM,0.0
FGF13,0.0
MRTFB,0.0
GPM6B,0.0
CELF4,2.2180132068961678
SEZ6L,0.0
CCNH,0.08740418606662909
AC007563.2,0.0
AC019211.1,0.0
TIAM1,0.0
ST6GALNAC3,0.0
LDLRAD4,0.0
PTGDS,0.16378898500350755
MIR99AHG,0.0
MAP3K5,0.0
HS3ST4,0.7395255052351021
KCNJ3,0.0
ANK3,0.0
AC006148.1,0.0
STXBP5-AS1,0.0
AQP4-AS1,0.0
AL591501.1,0.0
LPP,0.0
CACNB4,0.0
PTCHD1-AS,0.0
PPP3CA,0.0
FKBP5,0.0
PPP2R2B,0.0
MSI2,1.1275665551791014
TRPS1,0.0
NRCAM,0.0
SLC6A1,0.0
RIMS1,0.0
GABRB1,0.0
NLGN4Y,0.0
GABBR2,1.0166606795275497
KCNT2,-0.6462516784164075
AC007368.1,0.0
PRELID2,0.0
MAP2,0.0
NEBL,0.0
FTH1,0.0
PTPRZ1,0.0
LINC01250,0.0
KIAA1211L,0.0
SGK1,0.0
PTCHD4,0.0
PLEKHA5,0.0
NCALD,0.0
DGKI,0.0
SORBS1,0.0
ESRRG,0.0
GRIA3,0.0
PALM2-AKAP2,0.0
SLIT3,5.659447608975703
ANKS1B,0.0
CCDC85A,0.0
CNTN1,0.0
TMEM144,0.0
PCSK2,0.0
ABLIM1,0.0
KCNIP1,1.3981563732880518
MT-ND2,0.0
CSGALNACT1,0.0
UNC13C,0.0
MSRA,0.0
TMEM132B,0.0
SNAP25,0.0
PRUNE2,0.0
KCNMA1,0.0
SLC22A10,0.0
ARAP2,0.0
SHTN1,0.0
ENOX1,0.0
MEIS2,0.0
AL049828.1,0.0
AC016687.2,0.0
MIR137HG,0.0
MEG8,0.0
SNRPN,0.0
PDE8B,0.0
PTPRO,0.0
LY86-AS1,0.0
KCTD8,0.0
RBFOX3,1.276435396581248
FRMD4B,0.0
NKAIN3,0.0
SEMA6D,0.0
THRB,0.0
RGS12,0.0
LRRTM3,0.0
LINC01378,0.0
CACNA1B,0.41893046738342027
ADCY2,0.0
DGKG,0.5719076019263593
PLXNA4,0.0
AC073050.1,0.0
MYRIP,0.0
GLIS3,0.0
LHFPL6,0.0
MYO16,0.0
ARHGAP26,-0.9519377940774012
TMEM178B,0.0
CDH10,0.0
SORCS3,0.0
DOCK5,0.0
GAB1,0.0
CDH8,0.0
MLIP,0.0
CPNE4,0.0
AC090578.1,0.0
HDAC9,0.0
PDZRN3,0.0
ADGRV1,0.0
ADGRL3,0.0
AFF3,0.0
DSCAML1,0.8509561272822856
ZEB2,0.0
DLC1,0.0
SYN2,0.0
PTPRG,0.0
ZNF804B,0.0
R3HDM1,0.0
AC008415.1,0.0
GRM1,0.0
GABRB3,0.0
HCN1,0.0
CHST11,0.2505723452046409
SPARCL1,0.0
LINC01322,0.0
ERBIN,0.0
CHN1,0.0
PCDH11X,0.0
MEF2C,-0.10114897102376155
SLC9A9,0.0
TNR,0.0
PTPRN2,0.0
TENM4,0.0
SLC44A1,1.4173809359889646
CACNA1A,-20.639470843027212
SH3GL2,0.0
LUZP2,0.3294915936583371
MAN2A1,0.0
BRINP3,0.0
CNTN3,0.0
CASC15,-0.5772556307323323
ITPR2,0.0
TCF12,0.0
CNKSR2,0.0
TTTY14,0.0
TMEFF2,0.0
GRIN2B,0.0
PCLO,0.0
DOCK4,18.791860356379928
PLD5,0.0
NTRK3,0.0
SLC4A10,0.0
MT-ND1,0.0
CAMK1D,1.7887897707143647
FHIT,0.0
RASGRF2,0.0
ATP8A2,0.0
LHFPL3,0.0
SATB2,9.366793046220483
ZMAT4,0.0
AK5,8.2790982637436
PRKCB,0.0
LRMDA,0.0
GABRB2,-0.7315190420432149
AC060765.2,0.0
FAT3,-1.8521055843199654
LRRC7,3.7064358942529605
TMEM108,0.0
CA10,0.0
PWRN1,0.0
FMN1,0.0
NECAB1,-0.33342654785981934
MMP16,0.0
L3MBTL4,0.0
PHLPP1,0.0
FOXP2,0.0
RYR3,0.0
GRIA1,0.0
GPM6A,0.0
CUX2,0.0
CACNB2,0.0
RPS6KA2,0.0
PDZRN4,0.0
NAV3,0.0
PARD3,0.0
CALN1,0.0
GRM3,0.0
CNTNAP4,0.0
DMD,0.0
CACNA1C,2.705845524459847
PRKCA,0.0
LINC01122,0.0
AC073091.3,0.0
SV2B,0.0
ANO4,0.0
TRHDE,-0.4223485919754889
PCDH15,0.0
NFIB,0.5853784610172643
DTNA,-0.8000125213140316
UNC5C,0.0
MAML2,0.0
CACNA2D1,0.0
KCNB2,0.0
SNHG14,0.0
HECW1,0.0
POU6F2,0.0
FLRT2,0.0
ADAMTS9-AS2,0.0
SORBS2,0.0
MT-CYB,0.0
SLC44A5,-11.333709161292287
GALNT13,0.0
CADPS,-1.3682209252574833
MACROD2,0.0
KCNH1,0.0
PLCG2,0.0
AL589740.1,0.0
AC107223.1,0.0
PDE10A,0.0
GALNT17,-5.092604136743256
OXR1,0.0
THSD7A,0.0
SHISA9,1.336656224299598
WWOX,-0.199907944334315
RAPGEF5,6.4797470636775
MCTP1,2.922634888366948
CDH9,0.0
MYT1L,1.3300342020273317
DCLK1,0.0
SLC1A2,1.6172049813025824
KCNQ3,0.16360868209984467
ZFPM2,-2.6815915213023334
PEX5L,0.0
CHSY3,0.0
PTPRM,0.0
PITPNC1,0.0
RNF220,0.0
MBP,0.0
ELMO1,0.0
CELF2,0.0
XKR4,0.0
NELL1,0.0
SLC35F3,0.0
ERC2,0.0
SLC35F1,0.0
ZNF385B,0.0
PLCL1,0.0
ALCAM,0.0
NCKAP5,0.0
KCNC2,0.0
KHDRBS3,0.0
FRMD5,0.0
TENM3,0.0
SGCD,0.0
TRPM3,0.4898991312993889
PLCB1,0.0
AL008633.1,5.616416358494669
SLC1A3,0.0
GABRG3,0.8456889908051655
CSMD3,-0.985401524697884
FRMD4A,0.0
NTM,0.0
RORB,0.0
DPYD,34.02050180873138
KALRN,0.0
NFIA,0.0
EFNA5,0.0
RGS7,0.0
PDE1C,0.0
ASTN2,0.0
LRFN5,0.0
PLP1,0.0
SPOCK1,0.0
AGBL4,0.15480290535637986
SDK1,0.0
PIP4K2A,0.0
MT-ND4,0.0
SOX2-OT,0.0
FBXL7,0.0
RIMS2,-1.0621361306218793
PDE4D,-0.14856703424675274
SLC24A2,0.0
NLGN1,0.0
INPP4B,0.0
SLIT2,0.0
DPP6,0.0
MTUS2,0.0
MT-CO1,0.0
ADGRL2,2.00442332597433
SOX6,0.0
FAM155A,0.0
EDIL3,0.0
PCDH9,0.0
ZNF804A,0.0
PHACTR1,0.0
SYNPR,0.0
ST18,0.0
MDGA2,0.0
TOX,0.0
OLFM3,0.0
ARPP21,0.0
STXBP5L,0.0
FGF12,-0.3098692971969009
MARCH1,0.0
GPC6,0.0
NELL2,-1.5822916873894692
PLXDC2,10.823428358533771
GRIN2A,0.0
MEG3,-2.5121850187175045
AC092691.1,0.0
NRG3,0.0
FSTL4,0.0
CCSER1,0.0
IL1RAPL2,0.0
DOCK10,0.0
CNTN4,1.4700809393033891
SORCS1,0.40708880532190933
GRM5,-2.6572577789024585
FRMPD4,0.0
KCTD16,-1.281495609024902
CDH20,0.0
FSTL5,0.0
NEGR1,-0.19002583095378678
TMEM132D,0.0
CACNA2D3,11.977532635996896
MT-ATP6,0.0
MT-ND3,0.0
IL1RAPL1,-1.014322191286012
RORA,0.0
CADPS2,0.0
LSAMP,0.0
TMTC2,0.0
CLSTN2,0.0
NCAM2,5.522694420435812
CBLN2,-0.6419213218695276
CDH18,-0.311073096453062
KCNH7,0.0
GRM7,0.0
LRRC4C,0.0
AL117329.1,0.0
KCND2,-1.027449025528332
CDH13,-0.9186883304457754
ST6GALNAC5,-1.035593783087922
PCDH7,0.0
MT-CO2,0.0
MGAT4C,0.0
GRIA4,-0.7481122643263232
SLC8A1,0.0
DLGAP1,0.0
RBMS3,0.0
RYR2,0.0
FGF14,0.0
PTPRD,0.0
AC109466.1,0.0
MT-CO3,0.0
NRXN3,0.0
GPC5,0.0
NRXN1,0.0
UNC5D,0.0
CNTNAP5,0.0
GRIK2,-0.40047789089518765
CTNNA3,0.0
DLGAP2,0.0
KHDRBS2,0.0
ASIC2,0.0
SYN3,0.0
PRKG1,0.0
AC013287.1,0.0
ATRNL1,0.0
CTNNA2,0.0
ZNF536,0.0
AC011287.1,0.0
KIRREL3,0.0
SOX5,0.0
CHRM3,0.0
PTPRK,-0.08625410418244103
LDB2,0.0
ZBTB20,0.8106784742465639
PDE1A,0.0
DAB1,0.0
KCNMB2,0.0
TENM2,0.0
DGKB,0.0
SPOCK3,4.103628714563749
DSCAM,0.07845590914493679
TAFA2,0.0
TSHZ2,0.9298636154914249
LRP1B,0.0
SNTG1,0.0
PTPRT,0.0
PDZD2,0.0
ROBO1,0.0
NKAIN2,0.0
EPHA6,0.0
TAFA1,0.0
PDE4B,0.0
KAZN,0.0
KIAA1217,0.0
ZNF385D,0.0
OPCML,0.0
RGS6,0.0
QKI,0.0
GRIP1,1.6337063854036296
NPAS3,0.0
SYT1,0.0
LINGO2,0.0
KCNQ5,-0.2988657317595429
NXPH1,0.0
GRID2,0.0
GRIK1,0.0
CNTNAP2,0.0
NRG1,0.0
GALNTL6,0.3300775316971203
CSMD1,0.0
CDH12,0.0
DCC,0.0
XIST,0.0
LRRTM4,-1.183540518039032
NEAT1,0.0
HS6ST3,0.0
RBFOX1,0.0
IQCJ-SCHIP1,0.0
SGCZ,0.11161958318272094
CNTN5,0.0
RALYL,0.0
DPP10,0.0
ADARB2,0.0
ROBO2,0.0
KCNIP4,0.0
ERBB4,0.0
