{
    "data": {
        "num_train_samples": 6,
        "num_test_samples": 1,
        "num_features": 72,
        "feature_names": [
            "cluster0_gene0",
            "cluster0_gene1",
            "cluster0_gene2",
            "cluster0_gene3",
            "cluster0_gene4",
            "cluster0_gene5",
            "cluster1_gene0",
            "cluster1_gene1",
            "cluster1_gene2",
            "cluster1_gene3",
            "cluster1_gene4",
            "cluster1_gene5",
            "cluster2_gene0",
            "cluster2_gene1",
            "cluster2_gene2",
            "cluster2_gene3",
            "cluster2_gene4",
            "cluster2_gene5",
            "cluster3_gene0",
            "cluster3_gene1",
            "cluster3_gene2",
            "cluster3_gene3",
            "cluster3_gene4",
            "cluster3_gene5",
            "cluster4_gene0",
            "cluster4_gene1",
            "cluster4_gene2",
            "cluster4_gene3",
            "cluster4_gene4",
            "cluster4_gene5",
            "cluster5_gene0",
            "cluster5_gene1",
            "cluster5_gene2",
            "cluster5_gene3",
            "cluster5_gene4",
            "cluster5_gene5",
            "cluster6_gene0",
            "cluster6_gene1",
            "cluster6_gene2",
            "cluster6_gene3",
            "cluster6_gene4",
            "cluster6_gene5",
            "cluster7_gene0",
            "cluster7_gene1",
            "cluster7_gene2",
            "cluster7_gene3",
            "cluster7_gene4",
            "cluster7_gene5",
            "cluster8_gene0",
            "cluster8_gene1",
            "cluster8_gene2",
            "cluster8_gene3",
            "cluster8_gene4",
            "cluster8_gene5",
            "cluster9_gene0",
            "cluster9_gene1",
            "cluster9_gene2",
            "cluster9_gene3",
            "cluster9_gene4",
            "cluster9_gene5",
            "cluster_8_proportion",
            "cluster_0_proportion",
            "cluster_1_proportion",
            "cluster_3_proportion",
            "cluster_2_proportion",
            "cluster_9_proportion",
            "cluster_7_proportion",
            "cluster_4_proportion",
            "cluster_6_proportion",
            "cluster_5_proportion",
            "total_cell_count",
            "mean_percent_cells"
        ]
    },
    "models": {
        "linear_regression": {
            "metrics": {
                "accuracy": 0.5,
                "precision": 0.0,
                "recall": 0.0,
                "f1": 0.0,
                "auc_roc": 0.0
            }
        },
        "random_forest": {
            "metrics": {
                "accuracy": 0.5,
                "precision": 0.0,
                "recall": 0.0,
                "f1": 0.0,
                "auc_roc": 1.0
            }
        },
        "xgboost": {
            "metrics": {
                "accuracy": 0.5,
                "precision": 0.0,
                "recall": 0.0,
                "f1": 0.0,
                "auc_roc": 0.5
            }
        }
    },
    "best_model": {
        "name": "random_forest",
        "metrics": {
            "accuracy": 0.5,
            "precision": 0.0,
            "recall": 0.0,
            "f1": 0.0,
            "auc_roc": 1.0
        },
        "path": "results/saved_models/random_forest.joblib"
    }
}